
-- GENERAL --

SET @BOT_START = 70001;
SET @BOT_END   = 71000;

delete from `creature_template` where entry between @BOT_START and @BOT_END;

insert into `creature_template` (`entry`, `difficulty_entry_1`, `difficulty_entry_2`, `difficulty_entry_3`, `KillCredit1`, `KillCredit2`, `modelid1`, `modelid2`, `modelid3`, `modelid4`, `name`, `subname`, `IconName`, `gossip_menu_id`, `minlevel`, `maxlevel`, `exp`, `faction`, `npcflag`, `speed_walk`, `speed_run`, `scale`, `rank`, `dmgschool`, `BaseAttackTime`, `RangeAttackTime`, `unit_class`, `unit_flags`, `unit_flags2`, `dynamicflags`, `family`, `trainer_type`, `trainer_spell`, `trainer_class`, `trainer_race`, `type`, `type_flags`, `lootid`, `pickpocketloot`, `skinloot`, `resistance1`, `resistance2`, `resistance3`, `resistance4`, `resistance5`, `resistance6`, `spell1`, `spell2`, `spell3`, `spell4`, `spell5`, `spell6`, `spell7`, `spell8`, `PetSpellDataId`, `VehicleId`, `mingold`, `maxgold`, `AIName`, `MovementType`, `InhabitType`, `HoverHeight`, `HealthModifier`, `ManaModifier`, `ArmorModifier`, `RacialLeader`, `movementId`, `RegenHealth`, `mechanic_immune_mask`, `flags_extra`, `ScriptName`, `VerifiedBuild`)
values
('70001','0','0','0','0','0','5001','0','5001','0','Khelden','Mage Bot','','0','80','80','2','14','1','1.2','1.3','1','0','0','3800','2000','8','0','16384','0','0','0','0','8','1','7','0','0','0','0','0','0','0','0','0','0','0','0','0','0','0','0','0','0','0','0','0','0','','0','3','1','1','1','1','0','0','0','1','68157552','mage_bot','-1'),
('70002','0','0','0','0','0','1294','0','1294','0','Zaldimar','Mage Bot','','0','80','80','2','14','1','1.2','1.3','1','0','0','3800','2000','8','0','16384','0','0','0','0','8','1','7','0','0','0','0','0','0','0','0','0','0','0','0','0','0','0','0','0','0','0','0','0','0','','0','3','1','1','1','1','0','0','0','1','68157552','mage_bot','-1'),
('70003','0','0','0','0','0','1484','0','1484','0','Maginor','Mage Bot','','0','80','80','2','14','1','1.2','1.3','1','0','0','3800','2000','8','0','16384','0','0','0','0','8','1','7','0','0','0','0','0','0','0','0','0','0','0','0','0','0','0','0','0','0','0','0','0','0','','0','3','1','1','1','1','0','0','0','1','68157552','mage_bot','-1'),
('70004','0','0','0','0','0','3344','0','3344','0','Anetta','Priest Bot','','0','80','80','2','14','1','1.2','1.3','1','0','0','3600','2000','8','0','16384','0','0','0','0','5','1','7','0','0','0','0','0','0','0','0','0','0','0','0','0','0','0','0','0','0','0','0','0','0','','0','3','1','1','1','1','0','0','0','1','68157552','priest_bot','-1'),
('70005','0','0','0','0','0','1495','0','1495','0','Laurena','Priest Bot','','0','80','80','2','14','1','1.2','1.3','1','0','0','3600','2000','8','0','16384','0','0','0','0','5','1','7','0','0','0','0','0','0','0','0','0','0','0','0','0','0','0','0','0','0','0','0','0','0','','0','3','1','1','1','1','0','0','0','1','68157552','priest_bot','-1'),
('70006','0','0','0','0','0','1295','0','1295','0','Josetta','Priest Bot','','0','80','80','2','14','1','1.2','1.3','1','0','0','3600','2000','8','0','16384','0','0','0','0','5','1','7','0','0','0','0','0','0','0','0','0','0','0','0','0','0','0','0','0','0','0','0','0','0','','0','3','1','1','1','1','0','0','0','1','68157552','priest_bot','-1'),
('70007','0','0','0','0','0','3345','0','3345','0','Drusilla','Warlock Bot','','0','80','80','2','14','1','1.2','1.3','1','0','0','3500','2000','8','0','16384','0','0','0','0','9','1','7','0','0','0','0','0','0','0','0','0','0','0','0','0','0','0','0','0','0','0','0','0','0','','0','3','1','1','1','1','0','0','0','1','68157552','warlock_bot','-1'),
('70008','0','0','0','0','0','1930','0','1930','0','Alamar','Warlock Bot','','0','80','80','2','14','1','1.2','1.3','1','0','0','3500','2000','8','0','16384','0','0','0','0','9','7','7','0','0','0','0','0','0','0','0','0','0','0','0','0','0','0','0','0','0','0','0','0','0','','0','3','1','1','1','1','0','0','0','1','68157552','warlock_bot','-1'),
('70009','0','0','0','0','0','1469','0','1469','0','Demisette','Warlock Bot','','0','80','80','2','14','1','1.2','1.3','1','0','0','3500','2000','8','0','16384','0','0','0','0','9','1','7','0','0','0','0','0','0','0','0','0','0','0','0','0','0','0','0','0','0','0','0','0','0','','0','3','1','1','1','1','0','0','0','1','68157552','warlock_bot','-1'),
('70010','0','0','0','0','0','12749','0','12749','0','Nalesette','Hunter Bot','','0','80','80','2','14','1','1.2','1.3','1','0','0','2800','2000','2','0','16384','0','0','3','0','3','4','7','0','0','0','0','0','0','0','0','0','0','0','0','0','0','0','0','0','0','0','0','0','0','','0','3','1','1','1','1','0','0','0','1','68157552','hunter_bot','-1'),
('70011','0','0','0','0','0','3401','0','3401','0','Branstock','Priest Bot','','0','80','80','2','14','1','1.2','1.3','1','0','0','3600','2000','8','0','16384','0','0','0','0','5','3','7','0','0','0','0','0','0','0','0','0','0','0','0','0','0','0','0','0','0','0','0','0','0','','0','3','1','1','1','1','0','0','0','1','68157552','priest_bot','-1'),
('70012','0','0','0','0','0','3395','0','3395','0','Thorgas','Hunter Bot','','0','80','80','2','14','1','1.2','1.3','1','0','0','2800','2000','2','0','16384','0','0','0','0','3','3','7','0','0','0','0','0','0','0','0','0','0','0','0','0','0','0','0','0','0','0','0','0','0','','0','3','1','1','1','1','0','0','0','1','68157552','hunter_bot','-1'),
('70013','0','0','0','0','0','3343','0','3343','0','Llane','Warrior Bot','','0','80','80','2','14','1','1.2','1.3','1','0','0','3400','2000','1','0','16384','0','0','0','0','1','1','7','0','0','0','0','0','0','0','0','0','0','0','0','0','0','0','0','0','0','0','0','0','0','','0','3','1','1','1','1','0','0','0','1','68157552','warrior_bot','-1'),
('70014','0','0','0','0','0','3399','0','3399','0','Thran','Warrior Bot','','0','80','80','2','14','1','1.2','1.3','1','0','0','3400','2000','1','0','16384','0','0','0','0','1','3','7','0','0','0','0','0','0','0','0','0','0','0','0','0','0','0','0','0','0','0','0','0','0','','0','3','1','1','1','1','0','0','0','1','68157552','warrior_bot','-1'),
('70015','0','0','0','0','0','1300','0','1300','0','Lyria','Warrior Bot','','0','80','80','2','14','1','1.2','1.3','1','0','0','3400','2000','1','0','16384','0','0','0','0','1','1','7','0','0','0','0','0','0','0','0','0','0','0','0','0','0','0','0','0','0','0','0','0','0','','0','3','1','1','1','1','0','0','0','1','68157552','warrior_bot','-1'),
('70016','0','0','0','0','0','3351','0','3351','0','Jorik','Rogue Bot','','0','80','80','2','14','1','1.2','1.3','1','0','0','1600','2000','4','0','16384','0','0','0','0','4','1','7','0','0','0','0','0','0','0','0','0','0','0','0','0','0','0','0','0','0','0','0','0','0','','0','3','1','1','1','1','0','0','0','1','68157552','rogue_bot','-1'),
('70017','0','0','0','0','0','3407','0','3407','0','Solm','Rogue Bot','','0','80','80','2','14','1','1.2','1.3','1','0','0','1600','2000','4','0','16384','0','0','0','0','4','3','7','0','0','0','0','0','0','0','0','0','0','0','0','0','0','0','0','0','0','0','0','0','0','','0','3','1','1','1','1','0','0','0','1','68157552','rogue_bot','-1'),
('70018','0','0','0','0','0','1297','0','1297','0','Keryn','Rogue Bot','','0','80','80','2','14','1','1.2','1.3','1','0','0','1600','2000','4','0','16384','0','0','0','0','4','1','7','0','0','0','0','0','0','0','0','0','0','0','0','0','0','0','0','0','0','0','0','0','0','','0','3','1','1','1','1','0','0','0','1','68157552','rogue_bot','-1'),
('70019','0','0','0','0','0','1507','0','1507','0','Osborne','Rogue Bot','','0','80','80','2','14','1','1.2','1.3','1','0','0','1600','2000','4','0','16384','0','0','0','0','4','1','7','0','0','0','0','0','0','0','0','0','0','0','0','0','0','0','0','0','0','0','0','0','0','','0','3','1','1','1','1','0','0','0','1','68157552','rogue_bot','-1'),
('70020','0','0','0','0','0','3346','0','3346','0','Sammuel','Paladin Bot','','0','80','80','2','14','1','1.2','1.3','1','0','0','2300','2000','2','0','16384','0','0','0','0','2','1','7','0','0','0','0','0','0','0','0','0','0','0','0','0','0','0','0','0','0','0','0','0','0','','0','3','1','1','1','1','0','0','0','1','68157552','paladin_bot','-1'),
('70021','0','0','0','0','0','3393','0','3393','0','Bob','Paladin Bot','','0','80','80','2','14','1','1.2','1.3','1','0','0','2300','2000','2','0','16384','0','0','0','0','2','3','7','0','0','0','0','0','0','0','0','0','0','0','0','0','0','0','0','0','0','0','0','0','0','','0','3','1','1','1','1','0','0','0','1','68157552','paladin_bot','-1'),
('70022','0','0','0','0','0','1299','0','1299','0','Wilhelm','Paladin Bot','','0','80','80','2','14','1','1.2','1.3','1','0','0','2300','2000','2','0','16384','0','0','0','0','2','1','7','0','0','0','0','0','0','0','0','0','0','0','0','0','0','0','0','0','0','0','0','0','0','','0','3','1','1','1','1','0','0','0','1','68157552','paladin_bot','-1'),
('70023','0','0','0','0','0','1499','0','1499','0','Brisombre','Paladin Bot','','0','80','80','2','14','1','1.2','1.3','1','0','0','2300','2000','2','0','16384','0','0','0','0','2','1','7','0','0','0','0','0','0','0','0','0','0','0','0','0','0','0','0','0','0','0','0','0','0','','0','3','1','1','1','1','0','0','0','1','68157552','paladin_bot','-1'),
('70024','0','0','0','0','0','10216','0','10216','0','Marry','Mage Bot','','0','80','80','2','14','1','1.2','1.3','1','0','0','3800','2000','8','0','16384','0','0','0','0','8','7','7','0','0','0','0','0','0','0','0','0','0','0','0','0','0','0','0','0','0','0','0','0','0','','0','3','1','1','1','1','0','0','0','1','68157552','mage_bot','-1'),
('70025','0','0','0','0','0','4552','0','4552','0','Haromm','Shaman Bot','','0','80','80','2','14','1','1.2','1.3','1','0','0','2600','2000','2','0','16384','0','0','0','0','7','2','7','0','0','0','0','0','0','0','0','0','0','0','0','0','0','0','0','0','0','0','0','0','0','','0','3','1','1','1','1','0','0','0','1','68157552','shaman_bot','-1'),
('70026','0','0','0','0','0','4567','0','4567','0','Kartosh','Warlock Bot','','0','80','80','2','14','1','1.2','1.3','1','0','0','3500','2000','8','0','16384','0','0','0','0','9','2','7','0','0','0','0','0','0','0','0','0','0','0','0','0','0','0','0','0','0','0','0','0','0','','0','3','1','1','1','1','0','0','0','1','68157552','warlock_bot','-1'),
('70027','0','0','0','0','0','3429','0','3429','0','MaxanAnvol','Priest Bot','','0','80','80','2','14','1','1.2','1.3','1','0','0','3600','2000','8','0','16384','0','0','0','0','5','3','7','0','0','0','0','0','0','0','0','0','0','0','0','0','0','0','0','0','0','0','0','0','0','','0','3','1','1','1','1','0','0','0','1','68157552','priest_bot','-1'),
('70028','0','0','0','0','0','10215','0','10215','0','Magis','Mage Bot','','0','80','80','2','14','1','1.2','1.3','1','0','0','3800','2000','8','0','16384','0','0','0','0','8','7','7','0','0','0','0','0','0','0','0','0','0','0','0','0','0','0','0','0','0','0','0','0','0','','0','3','1','1','1','1','0','0','0','1','68157552','mage_bot','-1'),
('70029','0','0','0','0','0','3431','0','3431','0','GranVivehache','Warrior Bot','','0','80','80','2','14','1','1.2','1.3','1','0','0','3400','2000','1','0','16384','0','0','0','0','1','3','7','0','0','0','0','0','0','0','0','0','0','0','0','0','0','0','0','0','0','0','0','0','0','','0','3','1','1','1','1','0','0','0','1','68157552','warrior_bot','-1'),
('70030','0','0','0','0','0','1622','0','1622','0','Azar','Paladin Bot','','0','80','80','2','14','1','1.2','1.3','1','0','0','2300','2000','2','0','16384','0','0','0','0','2','3','7','0','0','0','0','0','0','0','0','0','0','0','0','0','0','0','0','0','0','0','0','0','0','','0','3','1','1','1','1','0','0','0','1','68157552','paladin_bot','-1'),
('70031','0','0','0','0','0','3436','0','3436','0','Hogral','Rogue Bot','','0','80','80','2','14','1','1.2','1.3','1','0','0','1600','2000','4','0','16384','0','0','0','0','4','3','7','0','0','0','0','0','0','0','0','0','0','0','0','0','0','0','0','0','0','0','0','0','0','','0','3','1','1','1','1','0','0','0','1','68157552','rogue_bot','-1'),
('70032','0','0','0','0','0','3053','0','3053','0','Kelstrum','Warrior Bot','','0','80','80','2','14','1','1.2','1.3','1','0','0','3400','2000','1','0','16384','0','0','0','0','1','3','7','0','0','0','0','0','0','0','0','0','0','0','0','0','0','0','0','0','0','0','0','0','0','','0','3','1','1','1','1','0','0','0','1','68157552','warrior_bot','-1'),
('70033','0','0','0','0','0','1578','0','1578','0','Dannal','Warrior Bot','','0','80','80','2','14','1','1.2','1.3','1','0','0','3400','2000','1','0','16384','0','0','0','0','1','5','7','0','0','0','0','0','0','0','0','0','0','0','0','0','0','0','0','0','0','0','0','0','0','','0','3','1','1','1','1','0','0','0','1','68157552','warrior_bot','-1'),
('70034','0','0','0','0','0','1579','0','1579','0','SombreDuesten','Priest Bot','','0','80','80','2','14','1','1.2','1.3','1','0','0','3600','2000','8','0','16384','0','0','0','0','5','5','7','0','0','0','0','0','0','0','0','0','0','0','0','0','0','0','0','0','0','0','0','0','0','','0','3','1','1','1','1','0','0','0','1','68157552','priest_bot','-1'),
('70035','0','0','0','0','0','1592','0','1592','0','Isabella','Mage Bot','','0','80','80','2','14','1','1.2','1.3','1','0','0','3800','2000','8','0','16384','0','0','0','0','8','5','7','0','0','0','0','0','0','0','0','0','0','0','0','0','0','0','0','0','0','0','0','0','0','','0','3','1','1','1','1','0','0','0','1','68157552','mage_bot','-1'),
('70036','0','0','0','0','0','1581','0','1581','0','Maximillion','Warlock Bot','','0','80','80','2','14','1','1.2','1.3','1','0','0','3500','2000','8','0','16384','0','0','0','0','9','5','7','0','0','0','0','0','0','0','0','0','0','0','0','0','0','0','0','0','0','0','0','0','0','','0','3','1','1','1','1','0','0','0','1','68157552','warlock_bot','-1'),
('70037','0','0','0','0','0','1604','0','1604','0','Rupert','Warlock Bot','','0','80','80','2','14','1','1.2','1.3','1','0','0','3500','2000','8','0','16384','0','0','0','0','9','5','7','0','0','0','0','0','0','0','0','0','0','0','0','0','0','0','0','0','0','0','0','0','0','','0','3','1','1','1','1','0','0','0','1','68157552','warlock_bot','-1'),
('70038','0','0','0','0','0','1600','0','1600','0','Cain','Mage Bot','','0','80','80','2','14','1','1.2','1.3','1','0','0','3800','2000','8','0','16384','0','0','0','0','8','5','7','0','0','0','0','0','0','0','0','0','0','0','0','0','0','0','0','0','0','0','0','0','0','','0','3','1','1','1','1','0','0','0','1','68157552','mage_bot','-1'),
('70039','0','0','0','0','0','1602','0','1602','0','SombreBeryl','Priest Bot','','0','80','80','2','14','1','1.2','1.3','1','0','0','3600','2000','8','0','16384','0','0','0','0','5','5','7','0','0','0','0','0','0','0','0','0','0','0','0','0','0','0','0','0','0','0','0','0','0','','0','3','1','1','1','1','0','0','0','1','68157552','priest_bot','-1'),
-- gap
('70041','0','0','0','0','0','10548','0','10548','0','Milituus','Mage Bot','','0','80','80','2','14','1','1.2','1.3','1','0','0','3800','2000','8','0','16384','0','0','0','0','8','7','7','0','0','0','0','0','0','0','0','0','0','0','0','0','0','0','0','0','0','0','0','0','0','','0','3','1','1','1','1','0','0','0','1','68157552','mage_bot','-1'),
('70042','0','0','0','0','0','2810','0','2810','0','Lexington','Mage Bot','','0','80','80','2','14','1','1.2','1.3','1','0','0','3800','2000','8','0','16384','0','0','0','0','8','5','7','0','0','0','0','0','0','0','0','0','0','0','0','0','0','0','0','0','0','0','0','0','0','','0','3','1','1','1','1','0','0','0','1','68157552','mage_bot','-1'),
('70043','0','0','0','0','0','2123','0','2123','0','Siln','Shaman Bot','','0','80','80','2','14','1','1.2','1.3','1','0','0','2600','2000','2','0','16384','0','0','0','0','7','6','7','0','0','0','0','0','0','0','0','0','0','0','0','0','0','0','0','0','0','0','0','0','0','','0','3','1','1','1','1','0','0','0','1','68157552','shaman_bot','-1'),
('70044','0','0','0','0','0','19598','0','19598','0','Umbrua','Shaman Bot','','0','80','80','2','14','1','1.2','1.3','1','0','0','2600','2000','2','0','16384','0','0','0','0','7','11','7','0','0','0','0','0','0','0','0','0','0','0','0','0','0','0','0','0','0','0','0','0','0','','0','3','1','1','1','1','0','0','0','1','68157552','shaman_bot','-1'),
('70045','0','0','0','0','0','2102','0','2102','0','Tigor','Shaman Bot','','0','80','80','2','14','1','1.2','1.3','1','0','0','2600','2000','2','0','16384','0','0','0','0','7','6','7','0','0','0','0','0','0','0','0','0','0','0','0','0','0','0','0','0','0','0','0','0','0','','0','3','1','1','1','1','0','0','0','1','68157552','shaman_bot','-1'),
('70046','0','0','0','0','0','2082','0','2082','0','Beram','Shaman Bot','','0','80','80','2','14','1','1.2','1.3','1','0','0','2600','2000','2','0','16384','0','0','0','0','7','6','7','0','0','0','0','0','0','0','0','0','0','0','0','0','0','0','0','0','0','0','0','0','0','','0','3','1','1','1','1','0','0','0','1','68157552','shaman_bot','-1'),
('70047','0','0','0','0','0','2106','0','2106','0','Turak','Druid Bot','','0','80','80','2','14','1','1.2','1.3','1','0','0','2200','2000','2','0','16384','0','0','0','0','11','6','7','0','0','0','0','0','0','0','0','0','0','0','0','0','0','0','0','0','0','0','0','0','0','','0','3','1','1','1','1','0','0','0','1','68157552','druid_bot','-1'),
('70048','0','0','0','0','0','2121','0','2121','0','Sheal','Druid Bot','','0','80','80','2','14','1','1.2','1.3','1','0','0','2200','2000','2','0','16384','0','0','0','0','11','6','7','0','0','0','0','0','0','0','0','0','0','0','0','0','0','0','0','0','0','0','0','0','0','','0','3','1','1','1','1','0','0','0','1','68157552','druid_bot','-1'),
('70049','0','0','0','0','0','2115','0','2115','0','Kym','Druid Bot','','0','80','80','2','14','1','1.2','1.3','1','0','0','2200','2000','2','0','16384','0','0','0','0','11','6','7','0','0','0','0','0','0','0','0','0','0','0','0','0','0','0','0','0','0','0','0','0','0','','0','3','1','1','1','1','0','0','0','1','68157552','druid_bot','-1'),
('70050','0','0','0','0','0','2112','0','2112','0','Kary','Hunter Bot','','0','80','80','2','14','1','1.2','1.3','1','0','0','2800','2000','2','0','16384','0','0','0','0','3','6','7','0','0','0','0','0','0','0','0','0','0','0','0','0','0','0','0','0','0','0','0','0','0','','0','3','1','1','1','1','0','0','0','1','68157552','hunter_bot','-1'),
('70051','0','0','0','0','0','2087','0','2087','0','Holt','Hunter Bot','','0','80','80','2','14','1','1.2','1.3','1','0','0','2800','2000','2','0','16384','0','0','0','0','3','6','7','0','0','0','0','0','0','0','0','0','0','0','0','0','0','0','0','0','0','0','0','0','0','','0','3','1','1','1','1','0','0','0','1','68157552','hunter_bot','-1'),
('70052','0','0','0','0','0','2105','0','2105','0','Urek','Hunter Bot','','0','80','80','2','14','1','1.2','1.3','1','0','0','2800','2000','2','0','16384','0','0','0','0','3','6','7','0','0','0','0','0','0','0','0','0','0','0','0','0','0','0','0','0','0','0','0','0','0','','0','3','1','1','1','1','0','0','0','1','68157552','hunter_bot','-1'),
('70053','0','0','0','0','0','2103','0','2103','0','Torm','Warrior Bot','','0','80','80','2','14','1','1.2','1.3','1','0','0','3400','2000','1','0','16384','0','0','0','0','1','6','7','0','0','0','0','0','0','0','0','0','0','0','0','0','0','0','0','0','0','0','0','0','0','','0','3','1','1','1','1','0','0','0','1','68157552','warrior_bot','-1'),
('70054','0','0','0','0','0','2096','0','2096','0','Sark','Warrior Bot','','0','80','80','2','14','1','1.2','1.3','1','0','0','3400','2000','1','0','16384','0','0','0','0','1','6','7','0','0','0','0','0','0','0','0','0','0','0','0','0','0','0','0','0','0','0','0','0','0','','0','3','1','1','1','1','0','0','0','1','68157552','warrior_bot','-1'),
('70055','0','0','0','0','0','17211','0','17211','0','Kerra','Warrior Bot','','0','80','80','2','14','1','1.2','1.3','1','0','0','3400','2000','1','0','16384','0','0','0','0','1','6','7','0','0','0','0','0','0','0','0','0','0','0','0','0','0','0','0','0','0','0','0','0','0','','0','3','1','1','1','1','0','0','0','1','68157552','warrior_bot','-1'),
('70056','0','0','0','0','0','2139','0','2139','0','Miles Welsh','Priest Bot','','0','80','80','2','14','1','1.2','1.3','1','0','0','3600','2000','8','0','16384','0','0','0','0','5','5','7','0','0','0','0','0','0','0','0','0','0','0','0','0','0','0','0','0','0','0','0','0','0','','0','3','1','1','1','1','0','0','0','1','68157552','priest_bot','-1'),
('70057','0','0','0','0','0','2138','0','2138','0','Malakai','Priest Bot','','0','80','80','2','14','1','1.2','1.3','1','0','0','3600','2000','8','0','16384','0','0','0','0','5','5','7','0','0','0','0','0','0','0','0','0','0','0','0','0','0','0','0','0','0','0','0','0','0','','0','3','1','1','1','1','0','0','0','1','68157552','priest_bot','-1'),
('70058','0','0','0','0','0','2137','0','2137','0','Cobb','Priest Bot','','0','80','80','2','14','1','1.2','1.3','1','0','0','3600','2000','8','0','16384','0','0','0','0','5','5','7','0','0','0','0','0','0','0','0','0','0','0','0','0','0','0','0','0','0','0','0','0','0','','0','3','1','1','1','1','0','0','0','1','68157552','priest_bot','-1'),
('70059','0','0','0','0','0','2134','0','2134','0','Shymm','Mage Bot','','0','80','80','2','14','1','1.2','1.3','1','0','0','3800','2000','8','0','16384','0','0','0','0','8','5','7','1','0','0','0','0','0','0','0','0','0','0','143','145','0','0','0','0','0','0','0','0','0','','0','3','1','1','1','1','0','0','0','1','68157552','mage_bot','-1'),
('70060','0','0','0','0','0','6058','0','6058','0','Ursyn','Mage Bot','','0','80','80','2','14','1','1.2','1.3','1','0','0','3800','2000','8','0','16384','0','0','0','0','8','5','7','0','0','0','0','0','0','0','0','0','0','0','0','0','0','0','0','0','0','0','0','0','0','','0','3','1','1','1','1','0','0','0','1','68157552','mage_bot','-1'),
('70061','0','0','0','0','0','2135','0','2135','0','Thurston','Mage Bot','','0','80','80','2','14','1','1.2','1.3','1','0','0','3800','2000','8','0','16384','0','0','0','0','8','5','7','0','0','0','0','0','0','0','0','0','0','0','0','0','0','0','0','0','0','0','0','0','0','','0','3','1','1','1','1','0','0','0','1','68157552','mage_bot','-1'),
('70062','0','0','0','0','0','3793','0','3793','0','Harutt','Warrior Bot','','0','80','80','2','14','1','1.2','1.3','1','0','0','3400','2000','1','0','16384','0','0','0','0','1','6','7','0','0','0','0','0','0','0','0','0','0','0','0','0','0','0','0','0','0','0','0','0','0','','0','3','1','1','1','1','0','0','0','1','68157552','warrior_bot','-1'),
('70063','0','0','0','0','0','3819','0','3819','0','Gart','Druid Bot','','0','80','80','2','14','1','1.2','1.3','1','0','0','2200','2000','2','0','16384','0','0','0','0','11','6','7','8','0','0','0','0','0','0','0','0','0','0','0','0','0','0','0','0','0','0','0','0','0','','0','3','1','1','1','1','0','0','0','1','68157552','druid_bot','-1'),
('70064','0','0','0','0','0','3810','0','3810','0','Lanka','Hunter Bot','','0','80','80','2','14','1','1.2','1.3','1','0','0','2800','2000','2','0','16384','0','0','0','0','3','6','7','0','0','0','0','0','0','0','0','0','0','0','0','0','0','0','0','0','0','0','0','0','0','','0','3','1','1','1','1','0','0','0','1','68157552','hunter_bot','-1'),
('70065','0','0','0','0','0','10180','0','10180','0','Meela','Shaman Bot','','0','80','80','2','14','1','1.2','1.3','1','0','0','2600','2000','2','0','16384','0','0','0','0','7','6','7','0','0','0','0','0','0','0','0','0','0','0','0','0','0','0','0','0','0','0','0','0','0','','0','3','1','1','1','1','0','0','0','1','68157552','shaman_bot','-1'),
('70066','0','0','0','0','0','3794','0','3794','0','Krang','Warrior Bot','','0','80','80','2','14','1','1.2','1.3','1','0','0','3400','2000','1','0','16384','0','0','0','0','1','6','7','0','0','0','0','0','0','0','0','0','0','0','0','0','0','0','0','0','0','0','0','0','0','','0','3','1','1','1','1','0','0','0','1','68157552','warrior_bot','-1'),
('70067','0','0','0','0','0','10734','0','10734','0','Gennia','Druid Bot','','0','80','80','2','14','1','1.2','1.3','1','0','0','2200','2000','2','0','16384','0','0','0','0','11','6','7','0','0','0','0','0','0','0','0','0','0','0','0','0','0','0','0','0','0','0','0','0','0','','0','3','1','1','1','1','0','0','0','1','68157552','druid_bot','-1'),
('70068','0','0','0','0','0','3811','0','3811','0','Yaw','Hunter Bot','','0','80','80','2','14','1','1.2','1.3','1','0','0','2800','2000','2','0','16384','0','0','0','0','3','6','7','0','0','0','0','0','0','0','0','0','0','0','0','0','0','0','0','0','0','0','0','0','0','','0','3','1','1','1','1','0','0','0','1','68157552','hunter_bot','-1'),
('70069','0','0','0','0','0','3816','0','3816','0','Narm','Shaman Bot','','0','80','80','2','14','1','1.2','1.3','1','0','0','2600','2000','2','0','16384','0','0','0','0','7','6','7','0','0','0','0','0','0','0','0','0','0','0','0','0','0','0','0','0','0','0','0','0','0','','0','3','1','1','1','1','0','0','0','1','68157552','shaman_bot','-1'),
('70070','0','0','0','0','0','1880','0','1880','0','Frang','Warrior Bot','','0','80','80','2','14','1','1.2','1.3','1','0','0','3400','2000','1','0','16384','0','0','0','0','1','2','7','0','0','0','0','0','0','0','0','0','0','0','0','0','0','0','0','0','0','0','0','0','0','','0','3','1','1','1','1','0','0','0','1','68157552','warrior_bot','-1'),
('70071','0','0','0','0','0','1882','0','1882','0','Jenshan','Hunter Bot','','0','80','80','2','14','1','1.2','1.3','1','0','0','2800','2000','2','0','16384','0','0','0','0','3','8','7','0','0','0','0','0','0','0','0','0','0','0','0','0','0','0','0','0','0','0','0','0','0','','0','3','1','1','1','1','0','0','0','1','68157552','hunter_bot','-1'),
('70072','0','0','0','0','0','1884','0','1884','0','Nartok','Warlock Bot','','0','80','80','2','14','1','1.2','1.3','1','0','0','3500','2000','8','0','16384','0','0','0','0','9','2','7','0','0','0','0','0','0','0','0','0','0','0','0','0','0','0','0','0','0','0','0','0','0','','0','3','1','1','1','1','0','0','0','1','68157552','warlock_bot','-1'),
('70073','0','0','0','0','0','1878','0','1878','0','Shikrik','Shaman Bot','','0','80','80','2','14','1','1.2','1.3','1','0','0','2600','2000','2','0','16384','0','0','0','0','7','2','7','0','0','0','0','0','0','0','0','0','0','0','0','0','0','0','0','0','0','0','0','0','0','','0','3','1','1','1','1','0','0','0','1','68157552','shaman_bot','-1'),
('70074','0','0','0','0','0','3743','0','3743','0','Tarshaw','Warrior Bot','','0','80','80','2','14','1','1.2','1.3','1','0','0','3400','2000','1','0','16384','0','0','0','0','1','2','7','0','0','0','0','0','0','0','0','0','0','0','0','0','0','0','0','0','0','0','0','0','0','','0','3','1','1','1','1','0','0','0','1','68157552','warrior_bot','-1'),
('70075','0','0','0','0','0','3744','0','3744','0','Thotar','Hunter Bot','','0','80','80','2','14','1','1.2','1.3','1','0','0','2800','2000','2','0','16384','0','0','0','0','3','2','7','0','0','0','0','0','0','0','0','0','0','0','0','0','0','0','0','0','0','0','0','0','0','','0','3','1','1','1','1','0','0','0','1','68157552','hunter_bot','-1'),
('70076','0','0','0','0','0','3745','0','3745','0','Dhugru','Warlock Bot','','0','80','80','2','14','1','1.2','1.3','1','0','0','3500','2000','8','0','16384','0','0','0','0','9','2','7','0','0','0','0','0','0','0','0','0','0','0','0','0','0','0','0','0','0','0','0','0','0','','0','3','1','1','1','1','0','0','0','1','68157552','warlock_bot','-1'),
('70077','0','0','0','0','0','3746','0','3746','0','Swart','Shaman Bot','','0','80','80','2','14','1','1.2','1.3','1','0','0','2600','2000','2','0','16384','0','0','0','0','7','2','7','0','0','0','0','0','0','0','0','0','0','0','0','0','0','0','0','0','0','0','0','0','0','','0','3','1','1','1','1','0','0','0','1','68157552','shaman_bot','-1'),
('70078','0','0','0','0','0','1324','0','1324','0','Groldar','Warlock Bot','','0','80','80','2','14','1','1.2','1.3','1','0','0','3500','2000','8','0','16384','0','0','0','0','9','2','7','0','0','0','0','0','0','0','0','0','0','0','0','0','0','0','0','0','0','0','0','0','0','','0','3','1','1','1','1','0','0','0','1','68157552','warlock_bot','-1'),
('70079','0','0','0','0','0','1325','0','1325','0','Mirket','Warlock Bot','','0','80','80','2','14','1','1.2','1.3','1','0','0','3500','2000','8','0','16384','0','0','0','0','9','2','7','0','0','0','0','0','0','0','0','0','0','0','0','0','0','0','0','0','0','0','0','0','0','','0','3','1','1','1','1','0','0','0','1','68157552','warlock_bot','-1'),
('70080','0','0','0','0','0','1326','0','1326','0','Zevrost','Warlock Bot','','0','80','80','2','14','1','1.2','1.3','1','0','0','3500','2000','8','0','16384','0','0','0','0','9','2','7','0','0','0','0','0','0','0','0','0','0','0','0','0','0','0','0','0','0','0','0','0','0','','0','3','1','1','1','1','0','0','0','1','68157552','warlock_bot','-1'),
('70081','0','0','0','0','0','1360','0','1360','0','Kardris','Shaman Bot','','0','80','80','2','14','1','1.2','1.3','1','0','0','2600','2000','2','0','16384','0','0','0','0','7','2','7','0','0','0','0','0','0','0','0','0','0','0','0','0','0','0','0','0','0','0','0','0','0','','0','3','1','1','1','1','0','0','0','1','68157552','shaman_bot','-1'),
('70082','0','0','0','0','0','1373','0','1373','0','Ormak','Hunter Bot','','0','80','80','2','14','1','1.2','1.3','1','0','0','2800','2000','2','0','16384','0','0','0','0','3','2','7','0','0','0','0','0','0','0','0','0','0','0','0','0','0','0','0','0','0','0','0','0','0','','0','3','1','1','1','1','0','0','0','1','68157552','hunter_bot','-1'),
('70083','0','0','0','0','0','1374','0','1374','0','Grezz','Warrior Bot','','0','80','80','2','14','1','1.2','1.3','1','0','0','3400','2000','1','0','16384','0','0','0','0','1','2','7','0','0','0','0','0','0','0','0','0','0','0','0','0','0','0','0','0','0','0','0','0','0','','0','3','1','1','1','1','0','0','0','1','68157552','warrior_bot','-1'),
('70084','0','0','0','0','0','1375','0','1375','0','Sorek','Warrior Bot','','0','80','80','2','14','1','1.2','1.3','1','0','0','3400','2000','1','0','16384','0','0','0','0','1','2','7','0','0','0','0','0','0','0','0','0','0','0','0','0','0','0','0','0','0','0','0','0','0','','0','3','1','1','1','1','0','0','0','1','68157552','warrior_bot','-1'),
('70085','0','0','0','0','0','4231','0','4231','0','Siantsu','Shaman Bot','','0','80','80','2','14','1','1.2','1.3','1','0','0','2600','2000','2','0','16384','0','0','0','0','7','2','7','0','0','0','0','0','0','0','0','0','0','0','0','0','0','0','0','0','0','0','0','0','0','','0','3','1','1','1','1','0','0','0','1','68157552','shaman_bot','-1'),
('70086','0','0','0','0','0','4239','0','4239','0','Xorjuul','Hunter Bot','','0','80','80','2','14','1','1.2','1.3','1','0','0','2800','2000','2','0','16384','0','0','0','0','3','2','7','0','0','0','0','0','0','0','0','0','0','0','0','0','0','0','0','0','0','0','0','0','0','','0','3','1','1','1','1','0','0','0','1','68157552','hunter_bot','-1'),
('70087','0','0','0','0','0','4241','0','4241','0','Siandur','Hunter Bot','','0','80','80','2','14','1','1.2','1.3','1','0','0','2800','2000','2','0','16384','0','0','0','0','3','2','7','0','0','0','0','0','0','0','0','0','0','0','0','0','0','0','0','0','0','0','0','0','0','','0','3','1','1','1','1','0','0','0','1','68157552','hunter_bot','-1'),
('70088','0','0','0','0','0','4242','0','4242','0','Zelmak','Warrior Bot','','0','80','80','2','14','1','1.2','1.3','1','0','0','3400','2000','1','0','16384','0','0','0','0','1','2','7','0','0','0','0','0','0','0','0','0','0','0','0','0','0','0','0','0','0','0','0','0','0','','0','3','1','1','1','1','0','0','0','1','68157552','warrior_bot','-1'),
('70089','0','0','0','0','0','7915','0','7915','0','ClaudeErksine','Hunter Bot','','0','80','80','2','14','1','1.2','1.3','1','0','0','2800','2000','2','0','16384','0','0','3','0','3','3','7','0','0','0','0','0','0','0','0','0','0','0','0','0','0','0','0','0','0','0','0','0','0','','0','3','1','1','1','1','0','0','0','1','68157552','hunter_bot','-1'),
('70090','0','0','0','0','0','1721','0','1721','0','Alyissia','Warrior Bot','','0','80','80','2','14','1','1.2','1.3','1','0','0','3400','2000','1','0','16384','0','0','0','0','1','4','7','0','0','0','0','0','0','0','0','0','0','0','0','0','0','0','0','0','0','0','0','0','0','','0','3','1','1','1','1','0','0','0','1','68157552','warrior_bot','-1'),
('70091','0','0','0','0','0','1725','0','1725','0','FrahunMurmombre','Rogue Bot','','0','80','80','2','14','1','1.2','1.3','1','0','0','1600','2000','4','0','16384','0','0','0','0','4','4','7','0','0','0','0','0','0','0','0','0','0','0','0','0','0','0','0','0','0','0','0','0','0','','0','3','1','1','1','1','0','0','0','1','68157552','rogue_bot','-1'),
('70092','0','0','0','0','0','1733','0','1733','0','Shanda','Priest Bot','','0','80','80','2','14','1','1.2','1.3','1','0','0','3600','2000','8','0','16384','0','0','0','0','5','4','7','0','0','0','0','0','0','0','0','0','0','0','0','0','0','0','0','0','0','0','0','0','0','','0','3','1','1','1','1','0','0','0','1','68157552','priest_bot','-1'),
('70093','0','0','0','0','0','1732','0','1732','0','Mardant','Druid Bot','','0','80','80','2','14','1','1.2','1.3','1','0','0','2200','2000','2','0','16384','0','0','0','0','11','4','7','0','0','0','0','0','0','0','0','0','0','0','0','0','0','0','0','0','0','0','0','0','0','','0','3','1','1','1','1','0','0','0','1','68157552','druid_bot','-1'),
('70094','0','0','0','0','0','1707','0','1707','0','Kyra','Warrior Bot','','0','80','80','2','14','1','1.2','1.3','1','0','0','3400','2000','1','0','16384','0','0','0','0','1','4','7','0','0','0','0','0','0','0','0','0','0','0','0','0','0','0','0','0','0','0','0','0','0','','0','3','1','1','1','1','0','0','0','1','68157552','warrior_bot','-1'),
('70095','0','0','0','0','0','1704','0','1704','0','Jannok','Rogue Bot','','0','80','80','2','14','1','1.2','1.3','1','0','0','1600','2000','4','0','16384','0','0','0','0','4','4','7','0','0','0','0','0','0','0','0','0','0','0','0','0','0','0','0','0','0','0','0','0','0','','0','3','1','1','1','1','0','0','0','1','68157552','rogue_bot','-1'),
('70096','0','0','0','0','0','1708','0','1708','0','Laurna','Priest Bot','','0','80','80','2','14','1','1.2','1.3','1','0','0','3600','2000','8','0','16384','0','0','0','0','5','4','7','0','0','0','0','0','0','0','0','0','0','0','0','0','0','0','0','0','0','0','0','0','0','','0','3','1','1','1','1','0','0','0','1','68157552','priest_bot','-1'),
('70097','0','0','0','0','0','1706','0','1706','0','Kal','Druid Bot','','0','80','80','2','14','1','1.2','1.3','1','0','0','2200','2000','2','0','16384','0','0','0','0','11','4','7','0','0','0','0','0','0','0','0','0','0','0','0','0','0','0','0','0','0','0','0','0','0','','0','3','1','1','1','1','0','0','0','1','68157552','druid_bot','-1'),
('70098','0','0','0','0','0','4296','0','4296','0','Harruk','Hunter Bot','','0','80','80','2','14','1','1.2','1.3','1','0','0','2800','2000','2','0','16384','0','0','3','0','3','2','7','0','0','0','0','0','0','0','0','0','0','0','0','0','0','0','0','0','0','0','0','0','0','','0','3','1','1','1','1','0','0','0','1','68157552','hunter_bot','-1'),
('70099','0','0','0','0','0','4299','0','4299','0','Reban','Hunter bot','','0','80','80','2','14','1','1.2','1.3','1','0','0','2800','2000','2','0','16384','0','0','3','0','3','6','7','0','0','0','0','0','0','0','0','0','0','0','0','0','0','0','0','0','0','0','0','0','0','','0','3','1','1','1','1','0','0','0','1','68157552','hunter_bot','-1'),
('70100','0','0','0','0','0','4304','0','4304','0','Bolyun','Hunter Bot','','0','80','80','2','14','1','1.2','1.3','1','0','0','2800','2000','2','0','16384','0','0','3','0','3','4','7','0','0','0','0','0','0','0','0','0','0','0','0','0','0','0','0','0','0','0','0','0','0','','0','3','1','1','1','1','0','0','0','1','68157552','hunter_bot','-1'),
('70101','0','0','0','0','0','1897','0','1897','0','Taijin','Priest Bot','','0','80','80','2','14','1','1.2','1.3','1','0','0','3600','2000','8','0','16384','0','0','0','0','5','8','7','0','0','0','0','0','0','0','0','0','0','0','0','0','0','0','0','0','0','0','0','0','0','','0','3','1','1','1','1','0','0','0','1','68157552','priest_bot','-1'),
('70102','0','0','0','0','0','4068','0','4068','0','Kenjai','Priest Bot','','0','80','80','2','14','1','1.2','1.3','1','0','0','3600','2000','8','0','16384','0','0','0','0','5','8','7','0','0','0','0','0','0','0','0','0','0','0','0','0','0','0','0','0','0','0','0','0','0','','0','3','1','1','1','1','0','0','0','1','68157552','priest_bot','-1'),
('70103','0','0','0','0','0','2066','0','2066','0','Danlaar','Hunter Bot','','0','80','80','2','14','1','1.2','1.3','1','0','0','2800','2000','2','0','16384','0','0','0','0','3','4','7','0','0','0','0','0','0','0','0','0','0','0','0','0','0','0','0','0','0','0','0','0','0','','0','3','1','1','1','1','0','0','0','1','68157552','hunter_bot','-1'),
('70104','0','0','0','0','0','2196','0','2196','0','Ariasta','Warrior Bot','','0','80','80','2','14','1','1.2','1.3','1','0','0','3400','2000','1','0','16384','0','0','0','0','1','4','7','0','0','0','0','0','0','0','0','0','0','0','0','0','0','0','0','0','0','0','0','0','0','','0','3','1','1','1','1','0','0','0','1','68157552','warrior_bot','-1'),
('70105','0','0','0','0','0','2198','0','2198','0','Sildanair','Warrior Bot','','0','80','80','2','14','1','1.2','1.3','1','0','0','3400','2000','1','0','16384','0','0','0','0','1','4','7','0','0','0','0','0','0','0','0','0','0','0','0','0','0','0','0','0','0','0','0','0','0','','0','3','1','1','1','1','0','0','0','1','68157552','warrior_bot','-1'),
('70106','0','0','0','0','0','2200','0','2200','0','Astarii','Priest Bot','','0','80','80','2','14','1','1.2','1.3','1','0','0','3600','2000','8','0','16384','0','0','0','0','5','4','7','0','0','0','0','0','0','0','0','0','0','0','0','0','0','0','0','0','0','0','0','0','0','','0','3','1','1','1','1','0','0','0','1','68157552','priest_bot','-1'),
('70107','0','0','0','0','0','2201','0','2201','0','Jandria','Priest Bot','','0','80','80','2','14','1','1.2','1.3','1','0','0','3600','2000','8','0','16384','0','0','0','0','5','4','7','0','0','0','0','0','0','0','0','0','0','0','0','0','0','0','0','0','0','0','0','0','0','','0','3','1','1','1','1','0','0','0','1','68157552','priest_bot','-1'),
('70108','0','0','0','0','0','2202','0','2202','0','Lariia','Priest Bot','','0','80','80','2','14','1','1.2','1.3','1','0','0','3600','2000','8','0','16384','0','0','0','0','5','4','7','0','0','0','0','0','0','0','0','0','0','0','0','0','0','0','0','0','0','0','0','0','0','','0','3','1','1','1','1','0','0','0','1','68157552','priest_bot','-1'),
('70109','0','0','0','0','0','2231','0','2231','0','Syurna','Rogue Bot','','0','80','80','2','14','1','1.2','1.3','1','0','0','1600','2000','4','0','16384','0','0','0','0','4','4','7','0','0','0','0','0','0','0','0','0','0','0','0','0','0','0','0','0','0','0','0','0','0','','0','3','1','1','1','1','0','0','0','1','68157552','rogue_bot','-1'),
('70110','0','0','0','0','0','7669','0','7669','0','Elissa','Mage Bot','','0','80','80','2','14','1','1.2','1.3','1','0','0','3800','2000','8','0','16384','0','0','0','0','8','1','7','0','0','0','0','0','0','0','0','0','0','0','0','0','0','0','0','0','0','0','0','0','0','','0','3','1','1','1','1','0','0','0','1','68157552','mage_bot','-1'),
('70111','0','0','0','0','0','2252','0','2252','0','Erion','Rogue Bot','','0','80','80','2','14','1','1.2','1.3','1','0','0','1600','2000','4','0','16384','0','0','0','0','4','4','7','0','0','0','0','0','0','0','0','0','0','0','0','0','0','0','0','0','0','0','0','0','0','','0','3','1','1','1','1','0','0','0','1','68157552','rogue_bot','-1'),
('70112','0','0','0','0','0','2243','0','2243','0','Anishar','Rogue Bot','','0','80','80','2','14','1','1.2','1.3','1','0','0','1600','2000','4','0','16384','0','0','0','0','4','4','7','0','0','0','0','0','0','0','0','0','0','0','0','0','0','0','0','0','0','0','0','0','0','','0','3','1','1','1','1','0','0','0','1','68157552','rogue_bot','-1'),
('70113','0','0','0','0','0','2250','0','2250','0','Denatharion','Druid Bot','','0','80','80','2','14','1','1.2','1.3','1','0','0','2200','2000','2','0','16384','0','0','0','0','11','4','7','0','0','0','0','0','0','0','0','0','0','0','0','0','0','0','0','0','0','0','0','0','0','','0','3','1','1','1','1','0','0','0','1','68157552','druid_bot','-1'),
('70114','0','0','0','0','0','2255','0','2255','0','Fylerian','Druid Bot','','0','80','80','2','14','1','1.2','1.3','1','0','0','2200','2000','2','0','16384','0','0','0','0','11','4','7','0','0','0','0','0','0','0','0','0','0','0','0','0','0','0','0','0','0','0','0','0','0','','0','3','1','1','1','1','0','0','0','1','68157552','druid_bot','-1'),
('70115','0','0','0','0','0','2416','0','2416','0','Caelyb','Hunter Bot','','0','80','80','2','14','1','1.2','1.3','1','0','0','2800','2000','2','0','16384','0','0','3','0','3','4','7','0','0','0','0','0','0','0','0','0','0','0','0','0','0','0','0','0','0','0','0','0','0','','0','3','1','1','1','1','0','0','0','1','68157552','hunter_bot','-1'),
('70116','0','0','0','0','0','2675','0','2675','0','Kaal','Warlock Bot','','0','80','80','2','14','1','1.2','1.3','1','0','0','3500','2000','8','0','16384','0','0','0','0','9','5','7','0','0','0','0','0','0','0','0','0','0','0','0','0','0','0','0','0','0','0','0','0','0','','0','3','1','1','1','1','0','0','0','1','68157552','warlock_bot','-1'),
('70117','0','0','0','0','0','16800','0','16800','0','Lana','Warlock Bot','','0','80','80','2','14','1','1.2','1.3','1','0','0','3500','2000','8','0','16384','0','0','0','0','9','5','7','0','0','0','0','0','0','0','0','0','0','0','0','0','0','0','0','0','0','0','0','0','0','','0','3','1','1','1','1','0','0','0','1','68157552','warlock_bot','-1'),
('70118','0','0','0','0','0','2646','0','2646','0','Richard','Warlock Bot','','0','80','80','2','14','1','1.2','1.3','1','0','0','3500','2000','8','0','16384','0','0','0','0','9','5','7','0','0','0','0','0','0','0','0','0','0','0','0','0','0','0','0','0','0','0','0','0','0','','0','3','1','1','1','1','0','0','0','1','68157552','warlock_bot','-1'),
('70119','0','0','0','0','0','10214','0','10214','0','Kaelystia','Mage Bot','','0','80','80','2','14','1','1.2','1.3','1','0','0','3800','2000','8','0','16384','0','0','0','0','8','5','6','1','0','0','0','0','0','0','0','0','0','0','0','0','0','0','0','0','0','0','0','0','0','','0','3','1','1','1','1','0','0','0','1','68157552','mage_bot','-1'),
('70120','0','0','0','0','0','2644','0','2644','0','Pierce','Mage Bot','','0','80','80','2','14','1','1.2','1.3','1','0','0','3800','2000','8','0','16384','0','0','0','0','8','5','7','0','0','0','0','0','0','0','0','0','0','0','0','0','0','0','0','0','0','0','0','0','0','','0','3','1','1','1','1','0','0','0','1','68157552','mage_bot','-1'),
('70121','0','0','0','0','0','2657','0','2657','0','Anastasia','Mage Bot','','0','80','80','2','14','1','1.2','1.3','1','0','0','3800','2000','8','0','16384','0','0','0','0','8','5','7','0','0','0','0','0','0','0','0','0','0','0','0','0','0','0','0','0','0','0','0','0','0','','0','3','1','1','1','1','0','0','0','1','68157552','mage_bot','-1'),
('70122','0','0','0','0','0','2620','0','2620','0','Chris','Warrior Bot','','0','80','80','2','14','1','1.2','1.3','1','0','0','3400','2000','1','0','16384','0','0','0','0','1','5','7','0','0','0','0','0','0','0','0','0','0','0','0','0','0','0','0','0','0','0','0','0','0','','0','3','1','1','1','1','0','0','0','1','68157552','warrior_bot','-1'),
('70123','0','0','0','0','0','2658','0','2658','0','Angela','Warrior Bot','','0','80','80','2','14','1','1.2','1.3','1','0','0','3400','2000','1','0','16384','0','0','0','0','1','5','7','0','0','0','0','0','0','0','0','0','0','0','0','0','0','0','0','0','0','0','0','0','0','','0','3','1','1','1','1','0','0','0','1','68157552','warrior_bot','-1'),
('70124','0','0','0','0','0','2614','0','2614','0','Baltus','Warrior Bot','','0','80','80','2','14','1','1.2','1.3','1','0','0','3400','2000','1','0','16384','0','0','0','0','1','5','7','0','0','0','0','0','0','0','0','0','0','0','0','0','0','0','0','0','0','0','0','0','0','','0','3','1','1','1','1','0','0','0','1','68157552','warrior_bot','-1'),
('70125','0','0','0','0','0','3054','0','3054','0','Kelv','Warrior Bot','','0','80','80','2','14','1','1.2','1.3','1','0','0','3400','2000','1','0','16384','0','0','0','0','1','3','7','0','0','0','0','0','0','0','0','0','0','0','0','0','0','0','0','0','0','0','0','0','0','','0','3','1','1','1','1','0','0','0','1','68157552','warrior_bot','-1'),
('70126','0','0','0','0','0','3055','0','3055','0','Bilban','Warrior Bot','','0','80','80','2','14','1','1.2','1.3','1','0','0','3400','2000','1','0','16384','0','0','0','0','1','7','7','0','0','0','0','0','0','0','0','0','0','0','0','0','0','0','0','0','0','0','0','0','0','','0','3','1','1','1','1','0','0','0','1','68157552','warrior_bot','-1'),
('70127','0','0','0','0','0','3056','0','3056','0','Daera','Hunter Bot','','0','80','80','2','14','1','1.2','1.3','1','0','0','2800','2000','2','0','16384','0','0','0','0','3','3','7','0','0','0','0','0','0','0','0','0','0','0','0','0','0','0','0','0','0','0','0','0','0','','0','3','1','1','1','1','0','0','0','1','68157552','hunter_bot','-1'),
('70128','0','0','0','0','0','3072','0','3072','0','Olmin','Hunter Bot','','0','80','80','2','14','1','1.2','1.3','1','0','0','2800','2000','2','0','16384','0','0','0','0','3','3','7','0','0','0','0','0','0','0','0','0','0','0','0','0','0','0','0','0','0','0','0','0','0','','0','3','1','1','1','1','0','0','0','1','68157552','hunter_bot','-1'),
('70129','0','0','0','0','0','3073','0','3073','0','Regnus','Hunter Bot','','0','80','80','2','14','1','1.2','1.3','1','0','0','2800','2000','2','0','16384','0','0','0','0','3','3','7','0','0','0','0','0','0','0','0','0','0','0','0','0','0','0','0','0','0','0','0','0','0','','0','3','1','1','1','1','0','0','0','1','68157552','hunter_bot','-1'),
('70130','0','0','0','0','0','3086','0','3086','0','Theodrus','Priest Bot','','0','80','80','2','14','1','1.2','1.3','1','0','0','3600','2000','8','0','16384','0','0','0','0','5','3','7','0','0','0','0','0','0','0','0','0','0','0','0','0','0','0','0','0','0','0','0','0','0','','0','3','1','1','1','1','0','0','0','1','68157552','priest_bot','-1'),
('70131','0','0','0','0','0','3066','0','3066','0','Braenna','Priest Bot','','0','80','80','2','14','1','1.2','1.3','1','0','0','3600','2000','8','0','16384','0','0','0','0','5','3','7','0','0','0','0','0','0','0','0','0','0','0','0','0','0','0','0','0','0','0','0','0','0','','0','3','1','1','1','1','0','0','0','1','68157552','priest_bot','-1'),
('70132','0','0','0','0','0','3085','0','3085','0','Toldren','Priest Bot','','0','80','80','2','14','1','1.2','1.3','1','0','0','3600','2000','8','0','16384','0','0','0','0','5','3','7','0','0','0','0','0','0','0','0','0','0','0','0','0','0','0','0','0','0','0','0','0','0','','0','3','1','1','1','1','0','0','0','1','68157552','priest_bot','-1'),
-- gap
('70134','0','0','0','0','0','3108','0','3108','0','Bink','Mage Bot','','0','80','80','2','14','1','1.2','1.3','1','0','0','3800','2000','8','0','16384','0','0','0','0','8','7','7','0','0','0','0','0','0','0','0','0','0','0','0','0','0','0','0','0','0','0','0','0','0','','0','3','1','1','1','1','0','0','0','1','68157552','mage_bot','-1'),
('70135','0','0','0','0','0','10214','0','10214','0','Juli','Mage Bot','','0','80','80','2','14','1','1.2','1.3','1','0','0','3800','2000','8','0','16384','0','0','0','0','8','7','7','0','0','0','0','0','0','0','0','0','0','0','0','0','0','0','0','0','0','0','0','0','0','','0','3','1','1','1','1','0','0','0','1','68157552','mage_bot','-1'),
('70136','0','0','0','0','0','3109','0','3109','0','Nittegousse','Mage Bot','','0','80','80','2','14','1','1.2','1.3','1','0','0','3800','2000','8','0','16384','0','0','0','0','8','7','7','0','0','0','0','0','0','0','0','0','0','0','0','0','0','0','0','0','0','0','0','0','0','','0','3','1','1','1','1','0','0','0','1','68157552','mage_bot','-1'),
('70137','0','0','0','0','0','3089','0','3089','0','Valgar','Paladin Bot','','0','80','80','2','14','1','1.2','1.3','1','0','0','2300','2000','2','0','16384','0','0','0','0','2','3','7','0','0','0','0','0','0','0','0','0','0','0','0','0','0','0','0','0','0','0','0','0','0','','0','3','1','1','1','1','0','0','0','1','68157552','paladin_bot','-1'),
('70138','0','0','0','0','0','3088','0','3088','0','Beldruk','Paladin Bot','','0','80','80','2','14','1','1.2','1.3','1','0','0','2300','2000','2','0','16384','0','0','0','0','2','3','7','0','0','0','0','0','0','0','0','0','0','0','0','0','0','0','0','0','0','0','0','0','0','','0','3','1','1','1','1','0','0','0','1','68157552','paladin_bot','-1'),
('70139','0','0','0','0','0','3087','0','3087','0','Brandur','Paladin Bot','','0','80','80','2','14','1','1.2','1.3','1','0','0','2300','2000','2','0','16384','0','0','0','0','2','3','7','0','0','0','0','0','0','0','0','0','0','0','0','0','0','0','0','0','0','0','0','0','0','','0','3','1','1','1','1','0','0','0','1','68157552','paladin_bot','-1'),
('70140','0','0','0','0','0','3101','0','3101','0','Hulfdan','Rogue Bot','','0','80','80','2','14','1','1.2','1.3','1','0','0','1600','2000','4','0','16384','0','0','0','0','4','3','7','0','0','0','0','0','0','0','0','0','0','0','0','0','0','0','0','0','0','0','0','0','0','','0','3','1','1','1','1','0','0','0','1','68157552','rogue_bot','-1'),
('70141','0','0','0','0','0','3100','0','3100','0','Ormyr','Rogue Bot','','0','80','80','2','14','1','1.2','1.3','1','0','0','1600','2000','4','0','16384','0','0','0','0','4','3','7','0','0','0','0','0','0','0','0','0','0','0','0','0','0','0','0','0','0','0','0','0','0','','0','3','1','1','1','1','0','0','0','1','68157552','rogue_bot','-1'),
('70142','0','0','0','0','0','3113','0','3113','0','Phenwick','Rogue Bot','','0','80','80','2','14','1','1.2','1.3','1','0','0','1600','2000','4','0','16384','0','0','0','0','4','7','7','0','0','0','0','0','0','0','0','0','0','0','0','0','0','0','0','0','0','0','0','0','0','','0','3','1','1','1','1','0','0','0','1','68157552','rogue_bot','-1'),
('70143','0','0','0','0','0','3115','0','3115','0','Coeurdechardon','Warlock Bot','','0','80','80','2','14','1','1.2','1.3','1','0','0','3500','2000','8','0','16384','0','0','0','0','9','7','7','0','0','0','0','0','0','0','0','0','0','0','0','0','0','0','0','0','0','0','0','0','0','','0','3','1','1','1','1','0','0','0','1','68157552','warlock_bot','-1'),
('70144','0','0','0','0','0','3116','0','3116','0','Eglantin','Warlock Bot','','0','80','80','2','14','1','1.2','1.3','1','0','0','3500','2000','8','0','16384','0','0','0','0','9','7','7','0','0','0','0','0','0','0','0','0','0','0','0','0','0','0','0','0','0','0','0','0','0','','0','3','1','1','1','1','0','0','0','1','68157552','warlock_bot','-1'),
('70145','0','0','0','0','0','3122','0','3122','0','Alexander','Warlock Bot','','0','80','80','2','14','1','1.2','1.3','1','0','0','3500','2000','8','0','16384','0','0','0','0','9','1','7','0','0','0','0','0','0','0','0','0','0','0','0','0','0','0','0','0','0','0','0','0','0','','0','3','1','1','1','1','0','0','0','1','68157552','warlock_bot','-1'),
('70146','0','0','0','0','0','3280','0','3280','0','Wu','Warrior Bot','','0','80','80','2','14','1','1.2','1.3','1','0','0','3400','2000','1','0','16384','0','0','0','0','1','1','7','0','0','0','0','0','0','0','0','0','0','0','0','0','0','0','0','0','0','0','0','0','0','','0','3','1','1','1','1','0','0','0','1','68157552','warrior_bot','-1'),
('70147','0','0','0','0','0','3287','0','3287','0','Ilsa','Warrior Bot','','0','80','80','2','14','1','1.2','1.3','1','0','0','3400','2000','1','0','16384','0','0','0','0','1','1','7','0','0','0','0','0','0','0','0','0','0','0','0','0','0','0','0','0','0','0','0','0','0','','0','3','1','1','1','1','0','0','0','1','68157552','warrior_bot','-1'),
('70148','0','0','0','0','0','3283','0','3283','0','Joshua','Priest Bot','','0','80','80','2','14','1','1.2','1.3','1','0','0','3600','2000','8','0','16384','0','0','0','0','5','1','7','0','0','0','0','0','0','0','0','0','0','0','0','0','0','0','0','0','0','0','0','0','0','','0','3','1','1','1','1','0','0','0','1','68157552','priest_bot','-1'),
('70149','0','0','0','0','0','3284','0','3284','0','Arthur','Paladin Bot','','0','80','80','2','14','1','1.2','1.3','1','0','0','2300','2000','2','0','16384','0','0','0','0','2','1','7','0','0','0','0','0','0','0','0','0','0','0','0','0','0','0','0','0','0','0','0','0','0','','0','3','1','1','1','1','0','0','0','1','68157552','paladin_bot','-1'),
('70150','0','0','0','0','0','3289','0','3289','0','Katherine','Paladin Bot','','0','80','80','2','14','1','1.2','1.3','1','0','0','2300','2000','2','0','16384','0','0','0','0','2','1','7','0','0','0','0','0','0','0','0','0','0','0','0','0','0','0','0','0','0','0','0','0','0','','0','3','1','1','1','1','0','0','0','1','68157552','paladin_bot','-1'),
('70151','0','0','0','0','0','3291','0','3291','0','Deline','Warlock Bot','','0','80','80','2','14','1','1.2','1.3','1','0','0','3500','2000','8','0','16384','0','0','0','0','9','1','7','0','0','0','0','0','0','0','0','0','0','0','0','0','0','0','0','0','0','0','0','0','0','','0','3','1','1','1','1','0','0','0','1','68157552','warlock_bot','-1'),
('70152','0','0','0','0','0','3286','0','3286','0','Sandahl','Warlock Bot','','0','80','80','2','14','1','1.2','1.3','1','0','0','3500','2000','8','0','16384','0','0','0','0','9','1','7','0','0','0','0','0','0','0','0','0','0','0','0','0','0','0','0','0','0','0','0','0','0','','0','3','1','1','1','1','0','0','0','1','68157552','warlock_bot','-1'),
('70153','0','0','0','0','0','3292','0','3292','0','Jennea','Mage Bot','','0','80','80','2','14','1','1.2','1.3','1','0','0','3800','2000','8','0','16384','0','0','0','0','8','1','7','0','0','0','0','0','0','0','0','0','0','0','0','0','0','0','0','0','0','0','0','0','0','','0','3','1','1','1','1','0','0','0','1','68157552','mage_bot','-1'),
('70154','0','0','0','0','0','19803','0','19803','0','Elsharin','Mage Bot','','0','80','80','2','14','1','1.2','1.3','1','0','0','3800','2000','8','0','16384','0','0','0','0','8','1','7','0','0','0','0','0','0','0','0','0','0','0','0','0','0','0','0','0','0','0','0','0','0','','0','3','1','1','1','1','0','0','0','1','68157552','mage_bot','-1'),
('70155','0','0','0','0','0','3299','0','3299','0','Kaerbrus','Hunter Bot','','0','80','80','2','14','1','1.2','1.3','1','0','0','2800','2000','2','0','16384','0','0','0','0','3','4','7','0','0','0','0','0','0','0','0','0','0','0','0','0','0','0','0','0','0','0','0','0','0','','0','3','1','1','1','1','0','0','0','1','68157552','hunter_bot','-1'),
('70156','0','0','0','0','0','3300','0','3300','0','Sheldras','Druid Bot','','0','80','80','2','14','1','1.2','1.3','1','0','0','2200','2000','2','0','16384','0','0','0','0','11','4','7','0','0','0','0','0','0','0','0','0','0','0','0','0','0','0','0','0','0','0','0','0','0','','0','3','1','1','1','1','0','0','0','1','68157552','druid_bot','-1'),
('70157','0','0','0','0','0','3301','0','3301','0','Theridran','Druid Bot','','0','80','80','2','14','1','1.2','1.3','1','0','0','2200','2000','2','0','16384','0','0','0','0','11','4','7','0','0','0','0','0','0','0','0','0','0','0','0','0','0','0','0','0','0','0','0','0','0','','0','3','1','1','1','1','0','0','0','1','68157552','druid_bot','-1'),
('70158','0','0','0','0','0','3312','0','3312','0','Einris','Hunter Bot','','0','80','80','2','14','1','1.2','1.3','1','0','0','2800','2000','2','0','16384','0','0','0','0','3','3','7','0','0','0','0','0','0','0','0','0','0','0','0','0','0','0','0','0','0','0','0','0','0','','0','3','1','1','1','1','0','0','0','1','68157552','hunter_bot','-1'),
('70159','0','0','0','0','0','3309','0','3309','0','Ulfir','Hunter Bot','','0','80','80','2','14','1','1.2','1.3','1','0','0','2800','2000','2','0','16384','0','0','0','0','3','3','7','0','0','0','0','0','0','0','0','0','0','0','0','0','0','0','0','0','0','0','0','0','0','','0','3','1','1','1','1','0','0','0','1','68157552','hunter_bot','-1'),
('70160','0','0','0','0','0','3310','0','3310','0','Thorfin','Hunter Bot','','0','80','80','2','14','1','1.2','1.3','1','0','0','2800','2000','2','0','16384','0','0','0','0','3','3','7','0','0','0','0','0','0','0','0','0','0','0','0','0','0','0','0','0','0','0','0','0','0','','0','3','1','1','1','1','0','0','0','1','68157552','hunter_bot','-1'),
('70161','0','0','0','0','0','10171','0','10171','0','UnThuwa','Mage Bot','','0','80','80','2','14','1','1.2','1.3','1','0','0','3800','2000','8','0','16384','0','0','0','0','8','8','7','0','0','0','0','0','0','0','0','0','0','0','0','0','0','0','0','0','0','0','0','0','0','','0','3','1','1','1','1','0','0','0','1','68157552','mage_bot','-1'),
('70162','0','0','0','0','0','4524','0','4524','0','Pephredo','Mage Bot','','0','80','80','2','14','1','1.2','1.3','1','0','0','3800','2000','8','0','16384','0','0','0','0','8','8','7','0','0','0','0','0','0','0','0','0','0','0','0','0','0','0','0','0','0','0','0','0','0','','0','3','1','1','1','1','0','0','0','1','68157552','mage_bot','-1'),
('70163','0','0','0','0','0','4522','0','4522','0','Enyo','Mage Bot','','0','80','80','2','14','1','1.2','1.3','1','0','0','3800','2000','8','0','16384','0','0','0','0','8','8','7','0','0','0','0','0','0','0','0','0','0','0','0','0','0','0','0','0','0','0','0','0','0','','0','3','1','1','1','1','0','0','0','1','68157552','mage_bot','-1'),
('70164','0','0','0','0','0','4526','0','4526','0','Mai','Mage Bot','','0','80','80','2','14','1','1.2','1.3','1','0','0','3800','2000','8','0','16384','0','0','0','0','8','8','7','0','0','0','0','0','0','0','0','0','0','0','0','0','0','0','0','0','0','0','0','0','0','','0','3','1','1','1','1','0','0','0','1','68157552','mage_bot','-1'),
('70165','0','0','0','0','0','4523','0','4523','0','Deino','Mage Bot','','0','80','80','2','14','1','1.2','1.3','1','0','0','3800','2000','8','0','16384','0','0','0','0','8','8','7','0','0','0','0','0','0','0','0','0','0','0','0','0','0','0','0','0','0','0','0','0','0','','0','3','1','1','1','1','0','0','0','1','68157552','mage_bot','-1'),
('70166','0','0','0','0','0','4665','0','4665','0','Birgitte','Mage Bot','','0','80','80','2','14','1','1.2','1.3','1','0','0','3800','2000','8','0','16384','0','0','0','0','8','5','7','0','0','0','0','0','0','0','0','0','0','0','0','0','0','0','0','0','0','0','0','0','0','','0','3','1','1','1','1','0','0','0','1','68157552','mage_bot','-1'),
('70167','0','0','0','0','0','12849','0','12849','0','Thuul','Mage Bot','','0','80','80','2','14','1','1.2','1.3','1','0','0','3800','2000','8','0','16384','0','0','0','0','8','8','7','0','0','0','0','0','0','0','0','0','0','0','0','0','0','0','0','0','0','0','0','0','0','','0','3','1','1','1','1','0','0','0','1','68157552','mage_bot','-1'),
('70168','0','0','0','0','0','4690','0','4690','0','Zayus','Priest Bot','','0','80','80','2','14','1','1.2','1.3','1','0','0','3600','2000','8','0','16384','0','0','0','0','5','8','7','0','0','0','0','0','0','0','0','0','0','0','0','0','0','0','0','0','0','0','0','0','0','','0','3','1','1','1','1','0','0','0','1','68157552','priest_bot','-1'),
('70169','0','0','0','0','0','10473','0','10473','0','Xyera','Priest Bot','','0','80','80','2','14','1','1.2','1.3','1','0','0','3600','2000','8','0','16384','0','0','0','0','5','8','7','0','0','0','0','0','0','0','0','0','0','0','0','0','0','0','0','0','0','0','0','0','0','','0','3','1','1','1','1','0','0','0','1','68157552','priest_bot','-1'),
('70170','0','0','0','0','0','4711','0','4711','0','Urkyo','Priest Bot','','0','80','80','2','14','1','1.2','1.3','1','0','0','3600','2000','8','0','16384','0','0','0','0','5','8','7','0','0','0','0','0','0','0','0','0','0','0','0','0','0','0','0','0','0','0','0','0','0','','0','3','1','1','1','1','0','0','0','1','68157552','priest_bot','-1'),
('70171','0','0','0','0','0','6060','0','6060','0','Uthelnay','Mage Bot','','0','80','80','2','14','1','1.2','1.3','1','0','0','3800','2000','8','0','16384','0','0','0','0','8','8','7','0','0','0','0','0','0','0','0','0','0','0','0','0','0','0','0','0','0','0','0','0','0','','0','3','1','1','1','1','0','0','0','1','68157552','mage_bot','-1'),
('70172','0','0','0','0','0','6072','0','6072','0','Dink','Mage Bot','','0','80','80','2','14','1','1.2','1.3','1','0','0','3800','2000','8','0','16384','0','0','0','0','8','7','7','0','0','0','0','0','0','0','0','0','0','0','0','0','0','0','0','0','0','0','0','0','0','','0','3','1','1','1','1','0','0','0','1','68157552','mage_bot','-1'),
('70173','0','0','0','0','0','6071','0','6071','0','Darnath','Warrior Bot','','0','80','80','2','14','1','1.2','1.3','1','0','0','3400','2000','1','0','16384','0','0','0','0','1','4','7','0','0','0','0','0','0','0','0','0','0','0','0','0','0','0','0','0','0','0','0','0','0','','0','3','1','1','1','1','0','0','0','1','68157552','warrior_bot','-1'),
('70174','0','0','0','0','0','7356','0','7356','0','Karman','Paladin Bot','','0','80','80','2','14','1','1.2','1.3','1','0','0','2300','2000','2','0','16384','0','0','0','0','2','1','7','0','0','0','0','0','0','0','0','0','0','0','0','0','0','0','0','0','0','0','0','0','0','','0','3','1','1','1','1','0','0','0','1','68157552','paladin_bot','-1'),
('70175','0','0','0','0','0','11037','0','11037','0','Evencane','Warrior Bot','','0','80','80','2','14','1','1.2','1.3','1','0','0','3400','2000','1','0','16384','0','0','0','0','1','1','7','0','0','0','0','0','0','0','0','0','0','0','0','0','0','0','0','0','0','0','0','0','0','','0','3','1','1','1','1','0','0','0','1','68157552','warrior_bot','-1'),
('70176','0','0','0','0','0','7357','0','7357','0','Jannos','Druid Bot','','0','80','80','2','14','1','1.2','1.3','1','0','0','2200','2000','2','0','16384','0','0','0','0','11','6','7','0','0','0','0','0','0','0','0','0','0','0','0','0','0','0','0','0','0','0','0','0','0','','0','3','1','1','1','1','0','0','0','1','68157552','druid_bot','-1'),
('70177','0','0','0','0','0','7538','0','7538','0','Alenndaar','Hunter Bot','','0','80','80','2','14','1','1.2','1.3','1','0','0','2800','2000','2','0','16384','0','0','0','0','3','4','7','0','0','0','0','0','0','0','0','0','0','0','0','0','0','0','0','0','0','0','0','0','0','','0','3','1','1','1','1','0','0','0','1','68157552','hunter_bot','-1'),
('70178','0','0','0','0','0','10738','0','10738','0','Golhine','Druid Bot','','0','80','80','2','14','1','1.2','1.3','1','0','0','2200','2000','2','0','16384','0','0','0','0','11','4','7','0','0','0','0','0','0','0','0','0','0','0','0','0','0','0','0','0','0','0','0','0','0','','0','3','1','1','1','1','0','0','0','1','68157552','druid_bot','-1'),
('70179','0','0','0','0','0','9337','0','9337','0','Hesuwa','Hunter Bot','','0','80','80','2','14','1','1.2','1.3','1','0','0','2800','2000','2','0','16384','0','0','3','0','3','6','7','0','0','0','0','0','0','0','0','0','0','0','0','0','0','0','0','0','0','0','0','0','0','','0','3','1','1','1','1','0','0','0','1','68157552','hunter_bot','-1'),
('70180','0','0','0','0','0','9336','0','9336','0','Xao\'tsu','Hunter Bot','','0','80','80','2','14','1','1.2','1.3','1','0','0','2800','2000','2','0','16384','0','0','3','0','3','2','7','0','0','0','0','0','0','0','0','0','0','0','0','0','0','0','0','0','0','0','0','0','0','','0','3','1','1','1','1','0','0','0','1','68157552','hunter_bot','-1'),
('70181','0','0','0','0','0','9338','0','9338','0','Belia','Hunter Bot','','0','80','80','2','14','1','1.2','1.3','1','0','0','2800','2000','2','0','16384','0','0','3','0','3','3','7','0','0','0','0','0','0','0','0','0','0','0','0','0','0','0','0','0','0','0','0','0','0','','0','3','1','1','1','1','0','0','0','1','68157552','hunter_bot','-1'),
('70182','0','0','0','0','0','10245','0','10245','0','Dargh','Hunter Bot','','0','80','80','2','14','1','1.2','1.3','1','0','0','2800','2000','2','0','16384','0','0','0','0','3','3','7','0','0','0','0','0','0','0','0','0','0','0','0','0','0','0','0','0','0','0','0','0','0','','0','3','1','1','1','1','0','0','0','1','68157552','hunter_bot','-1'),
('70183','0','0','0','0','0','11044','0','11044','0','Meideros','Priest Bot','','0','80','80','2','14','1','1.2','1.3','1','0','0','3600','2000','8','0','16384','0','0','0','0','5','4','7','0','0','0','0','0','0','0','0','0','0','0','0','0','0','0','0','0','0','0','0','0','0','','0','3','1','1','1','1','0','0','0','1','68157552','priest_bot','-1'),
('70184','0','0','0','0','0','11048','0','11048','0','Presse','Priest Bot','','0','80','80','2','14','1','1.2','1.3','1','0','0','3600','2000','8','0','16384','0','0','0','0','5','4','7','0','0','0','0','0','0','0','0','0','0','0','0','0','0','0','0','0','0','0','0','0','0','','0','3','1','1','1','1','0','0','0','1','68157552','priest_bot','-1'),
('70185','0','0','0','0','0','11053','0','11053','0','Rohan','Priest Bot','','0','80','80','2','14','1','1.2','1.3','1','0','0','3600','2000','8','0','16384','0','0','0','0','5','3','7','0','0','0','0','0','0','0','0','0','0','0','0','0','0','0','0','0','0','0','0','0','0','','0','3','1','1','1','1','0','0','0','1','68157552','priest_bot','-1'),
('70186','0','0','0','0','0','12053','0','12053','0','Loganaar','Druid Bot','','0','80','80','2','14','1','1.2','1.3','1','0','0','2200','2000','2','0','16384','0','0','0','0','11','4','7','0','0','0','0','0','0','0','0','0','0','0','0','0','0','0','0','0','0','0','0','0','0','','0','3','1','1','1','1','0','0','0','1','68157552','druid_bot','-1'),
('70187','0','0','0','0','0','13171','0','13171','0','Romano','Rogue Bot','','0','80','80','2','14','1','1.2','1.3','1','0','0','1600','2000','4','0','16384','0','0','0','0','4','1','7','0','0','0','0','0','0','0','0','0','0','0','0','0','0','0','0','0','0','0','0','0','0','','0','3','1','1','1','1','0','0','0','1','68157552','rogue_bot','-1'),
('70188','0','0','0','0','0','13341','0','13341','0','Sagorne','Shaman Bot','','0','80','80','2','14','1','1.2','1.3','1','0','0','2600','2000','2','0','16384','0','0','0','0','7','6','7','0','0','0','0','0','0','0','0','0','0','0','0','0','0','0','0','0','0','0','0','0','0','','0','3','1','1','1','1','0','0','0','1','68157552','shaman_bot','-1'),
('70189','0','0','0','0','0','15522','0','15522','0','Julia','Mage Bot','','0','80','80','2','14','1','1.2','1.3','1','0','0','3800','2000','8','0','16384','0','0','0','0','8','10','7','0','0','0','0','0','0','0','0','0','0','0','0','0','0','0','0','0','0','0','0','0','0','','0','3','1','1','1','1','0','0','0','1','68157552','mage_bot','-1'),
('70190','0','0','0','0','0','16811','0','16811','0','Ithelis','Paladin Bot','','0','80','80','2','14','1','1.2','1.3','1','0','0','2300','2000','2','0','16384','0','0','0','0','2','10','7','0','0','0','0','0','0','0','0','0','0','0','0','0','0','0','0','0','0','0','0','0','0','','0','3','1','1','1','1','0','0','0','1','68157552','paladin_bot','-1'),
('70191','0','0','0','0','0','15524','0','15524','0','Invocateur','Warlock Bot','','0','80','80','2','14','1','1.2','1.3','1','0','0','3500','2000','8','0','16384','0','0','0','0','9','10','7','0','0','0','0','0','0','0','0','0','0','0','0','0','0','0','0','0','0','0','0','0','0','','0','3','1','1','1','1','0','0','0','1','68157552','warlock_bot','-1'),
('70192','0','0','0','0','0','15518','0','15518','0','Matrone','Priest Bot','','0','80','80','2','14','1','1.2','1.3','1','0','0','3600','2000','8','0','16384','0','0','0','0','5','10','7','0','0','0','0','0','0','0','0','0','0','0','0','0','0','0','0','0','0','0','0','0','0','','0','3','1','1','1','1','0','0','0','1','68157552','priest_bot','-1'),
('70193','0','0','0','0','0','2659','0','2659','0','Eclaireur','Rogue Bot','','0','80','80','2','14','1','1.2','1.3','1','0','0','1600','2000','4','0','16384','0','0','0','0','4','5','7','0','0','0','0','0','0','0','0','0','0','0','0','0','0','0','0','0','0','0','0','0','0','','0','3','1','1','1','1','0','0','0','1','68157552','rogue_bot','-1'),
('70194','0','0','0','0','0','15520','0','15520','0','Sallina','Hunter Bot','','0','80','80','2','14','1','1.2','1.3','1','0','0','2800','2000','2','0','16384','0','0','0','0','3','10','7','0','0','0','0','0','0','0','0','0','0','0','0','0','0','0','0','0','0','0','0','0','0','','0','3','1','1','1','1','0','0','0','1','68157552','hunter_bot','-1'),
('70195','0','0','0','0','0','16685','0','16685','0','Noellene','Paladin Bot','','0','80','80','2','14','1','1.2','1.3','1','0','0','2300','2000','2','0','16384','0','0','0','0','2','10','7','0','0','0','0','0','0','0','0','0','0','0','0','0','0','0','0','0','0','0','0','0','0','','0','3','1','1','1','1','0','0','0','1','68157552','paladin_bot','-1'),
('70196','0','0','0','0','0','16707','0','16707','0','Ponaris','Priest Bot','','0','80','80','2','14','1','1.2','1.3','1','0','0','3600','2000','8','0','16384','0','0','0','0','5','10','7','0','0','0','0','0','0','0','0','0','0','0','0','0','0','0','0','0','0','0','0','0','0','','0','3','1','1','1','1','0','0','0','1','68157552','priest_bot','-1'),
('70197','0','0','0','0','0','16222','0','16222','0','Keilnei','Hunter Bot','','0','80','80','2','14','1','1.2','1.3','1','0','0','2800','2000','2','0','16384','0','0','0','0','3','11','7','0','0','0','0','0','0','0','0','0','0','0','0','0','0','0','0','0','0','0','0','0','0','','0','3','1','1','1','1','0','0','0','1','68157552','hunter_bot','-1'),
('70198','0','0','0','0','0','16223','0','16223','0','Valaatu','Mage Bot','','0','80','80','2','14','1','1.2','1.3','1','0','0','3800','2000','8','0','16384','0','0','0','0','8','11','7','0','0','0','0','0','0','0','0','0','0','0','0','0','0','0','0','0','0','0','0','0','0','','0','3','1','1','1','1','0','0','0','1','68157552','mage_bot','-1'),
('70199','0','0','0','0','0','16224','0','16224','0','Aurelon','Paladin Bot','','0','80','80','2','14','1','1.2','1.3','1','0','0','2300','2000','2','0','16384','0','0','0','0','2','11','7','0','0','0','0','0','0','0','0','0','0','0','0','0','0','0','0','0','0','0','0','0','0','','0','3','1','1','1','1','0','0','0','1','68157552','paladin_bot','-1'),
('70200','0','0','0','0','0','16225','0','16225','0','Zalduun','Priest Bot','','0','80','80','2','14','1','1.2','1.3','1','0','0','3600','2000','8','0','16384','0','0','0','0','5','11','7','0','0','0','0','0','0','0','0','0','0','0','0','0','0','0','0','0','0','0','0','0','0','','0','3','1','1','1','1','0','0','0','1','68157552','priest_bot','-1'),
('70201','0','0','0','0','0','16226','0','16226','0','Kore','Warrior Bot','','0','80','80','2','14','1','1.2','1.3','1','0','0','3400','2000','1','0','16384','0','0','0','0','1','11','7','0','0','0','0','0','0','0','0','0','0','0','0','0','0','0','0','0','0','0','0','0','0','','0','3','1','1','1','1','0','0','0','1','68157552','warrior_bot','-1'),
('70202','0','0','0','0','0','16787','0','16787','0','Alamma','Warlock Bot','','0','80','80','2','14','1','1.2','1.3','1','0','0','3500','2000','8','0','16384','0','0','0','0','9','10','7','0','0','0','0','0','0','0','0','0','0','0','0','0','0','0','0','0','0','0','0','0','0','','0','3','1','1','1','1','0','0','0','1','68157552','warlock_bot','-1'),
('70203','0','0','0','0','0','16800','0','16800','0','Talionia','Warlock Bot','','0','80','80','2','14','1','1.2','1.3','1','0','0','3500','2000','8','0','16384','0','0','0','0','9','10','7','0','0','0','0','0','0','0','0','0','0','0','0','0','0','0','0','0','0','0','0','0','0','','0','3','1','1','1','1','0','0','0','1','68157552','warlock_bot','-1'),
('70204','0','0','0','0','0','16831','0','16831','0','Zanien','Warlock Bot','','0','80','80','2','14','1','1.2','1.3','1','0','0','3500','2000','8','0','16384','0','0','0','0','9','10','7','0','0','0','0','0','0','0','0','0','0','0','0','0','0','0','0','0','0','0','0','0','0','','0','3','1','1','1','1','0','0','0','1','68157552','warlock_bot','-1'),
('70205','0','0','0','0','0','16781','0','16781','0','Zaedana','Mage Bot','','0','80','80','2','14','1','1.2','1.3','1','0','0','3800','2000','8','0','16384','0','0','0','0','8','10','7','0','0','0','0','0','0','0','0','0','0','0','0','0','0','0','0','0','0','0','0','0','0','','0','3','1','1','1','1','0','0','0','1','68157552','mage_bot','-1'),
('70206','0','0','0','0','0','16824','0','16824','0','Quithas','Mage Bot','','0','80','80','2','14','1','1.2','1.3','1','0','0','3800','2000','8','0','16384','0','0','0','0','8','10','7','0','0','0','0','0','0','0','0','0','0','0','0','0','0','0','0','0','0','0','0','0','0','','0','3','1','1','1','1','0','0','0','1','68157552','mage_bot','-1'),
('70207','0','0','0','0','0','16739','0','16739','0','Harene','Druid Bot','','0','80','80','2','14','1','1.2','1.3','1','0','0','2200','2000','2','0','16384','0','0','0','0','11','6','7','0','0','0','0','0','0','0','0','0','0','0','0','0','0','0','0','0','0','0','0','0','0','','0','3','1','1','1','1','0','0','0','1','68157552','druid_bot','-1'),
('70208','0','0','0','0','0','16778','0','16778','0','Tana','Hunter Bot','','0','80','80','2','14','1','1.2','1.3','1','0','0','2800','2000','2','0','16384','0','0','0','0','3','10','7','0','0','0','0','0','0','0','0','0','0','0','0','0','0','0','0','0','0','0','0','0','0','','0','3','1','1','1','1','0','0','0','1','68157552','hunter_bot','-1'),
('70209','0','0','0','0','0','16816','0','16816','0','Oninath','Hunter Bot','','0','80','80','2','14','1','1.2','1.3','1','0','0','2800','2000','2','0','16384','0','0','0','0','3','10','7','0','0','0','0','0','0','0','0','0','0','0','0','0','0','0','0','0','0','0','0','0','0','','0','3','1','1','1','1','0','0','0','1','68157552','hunter_bot','-1'),
('70210','0','0','0','0','0','16829','0','16829','0','Bachi','Paladin Bot','','0','80','80','2','14','1','1.2','1.3','1','0','0','2300','2000','2','0','16384','0','0','0','0','2','10','7','0','0','0','0','0','0','0','0','0','0','0','0','0','0','0','0','0','0','0','0','0','0','','0','3','1','1','1','1','0','0','0','1','68157552','paladin_bot','-1'),
('70211','0','0','0','0','0','16767','0','16767','0','Zelanis','Rogue Bot','','0','80','80','2','14','1','1.2','1.3','1','0','0','1600','2000','4','0','16384','0','0','0','0','4','10','7','0','0','0','0','0','0','0','0','0','0','0','0','0','0','0','0','0','0','0','0','0','0','','0','3','1','1','1','1','0','0','0','1','68157552','rogue_bot','-1'),
('70212','0','0','0','0','0','16798','0','16798','0','Elara','Rogue Bot','','0','80','80','2','14','1','1.2','1.3','1','0','0','1600','2000','4','0','16384','0','0','0','0','4','10','7','0','0','0','0','0','0','0','0','0','0','0','0','0','0','0','0','0','0','0','0','0','0','','0','3','1','1','1','1','0','0','0','1','68157552','rogue_bot','-1'),
('70213','0','0','0','0','0','16858','0','16858','0','Shalannius','Druid Bot','','0','80','80','2','14','1','1.2','1.3','1','0','0','2200','2000','2','0','16384','0','0','0','0','11','6','7','0','0','0','0','0','0','0','0','0','0','0','0','0','0','0','0','0','0','0','0','0','0','','0','3','1','1','1','1','0','0','0','1','68157552','druid_bot','-1'),
('70214','0','0','0','0','0','17434','0','17434','0','Deremiis','Hunter Bot','','0','80','80','2','14','1','1.2','1.3','1','0','0','2800','2000','2','0','16384','0','0','0','0','3','11','7','0','0','0','0','0','0','0','0','0','0','0','0','0','0','0','0','0','0','0','0','0','0','','0','3','1','1','1','1','0','0','0','1','68157552','hunter_bot','-1'),
('70215','0','0','0','0','0','17247','0','17247','0','Caedmos','Priest Bot','','0','80','80','2','14','1','1.2','1.3','1','0','0','3600','2000','8','0','16384','0','0','0','0','5','11','7','0','0','0','0','0','0','0','0','0','0','0','0','0','0','0','0','0','0','0','0','0','0','','0','3','1','1','1','1','0','0','0','1','68157552','priest_bot','-1'),
('70216','0','0','0','0','0','17225','0','17225','0','Baatun','Paladin Bot','','0','80','80','2','14','1','1.2','1.3','1','0','0','2300','2000','2','0','16384','0','0','0','0','2','11','7','0','0','0','0','0','0','0','0','0','0','0','0','0','0','0','0','0','0','0','0','0','0','','0','3','1','1','1','1','0','0','0','1','68157552','paladin_bot','-1'),
('70217','0','0','0','0','0','17212','0','17212','0','Ahonan','Warrior Bot','','0','80','80','2','14','1','1.2','1.3','1','0','0','3400','2000','1','0','16384','0','0','0','0','1','11','7','0','0','0','0','0','0','0','0','0','0','0','0','0','0','0','0','0','0','0','0','0','0','','0','3','1','1','1','1','0','0','0','1','68157552','warrior_bot','-1'),
('70218','0','0','0','0','0','17598','0','17598','0','Firmanvaar','Shaman Bot','','0','80','80','2','14','1','1.2','1.3','1','0','0','2600','2000','2','0','16384','0','0','0','0','7','11','7','0','0','0','0','0','0','0','0','0','0','0','0','0','0','0','0','0','0','0','0','0','0','','0','3','1','1','1','1','0','0','0','1','68157552','shaman_bot','-1'),
('70219','0','0','0','0','0','16860','0','16860','0','Actron','Hunter Bot','','0','80','80','2','14','1','1.2','1.3','1','0','0','2800','2000','2','0','16384','0','0','0','0','3','11','7','0','0','0','0','0','0','0','0','0','0','0','0','0','0','0','0','0','0','0','0','0','0','','0','3','1','1','1','1','0','0','0','1','68157552','hunter_bot','-1'),
('70220','0','0','0','0','0','17213','0','17213','0','Behomat','Warrior Bot','','0','80','80','2','14','1','1.2','1.3','1','0','0','3400','2000','1','0','16384','0','0','0','0','1','11','7','0','0','0','0','0','0','0','0','0','0','0','0','0','0','0','0','0','0','0','0','0','0','','0','3','1','1','1','1','0','0','0','1','68157552','warrior_bot','-1'),
('70221','0','0','0','0','0','17600','0','17600','0','Nobundo','Shaman Bot','','0','80','80','2','14','1','1.2','1.3','1','0','0','2600','2000','2','0','16384','0','0','0','0','7','11','7','0','0','0','0','0','0','0','0','0','0','0','0','0','0','0','0','0','0','0','0','0','0','','0','3','1','1','1','1','0','0','0','1','68157552','shaman_bot','-1'),
('70222','0','0','0','0','0','17599','0','17599','0','Tuluun','Shaman Bot','','0','80','80','2','14','1','1.2','1.3','1','0','0','2600','2000','2','0','16384','0','0','0','0','7','11','7','0','0','0','0','0','0','0','0','0','0','0','0','0','0','0','0','0','0','0','0','0','0','','0','3','1','1','1','1','0','0','0','1','68157552','shaman_bot','-1'),
('70223','0','0','0','0','0','16914','0','16914','0','Sulaa','Shaman Bot','','0','80','80','2','14','1','1.2','1.3','1','0','0','2600','2000','2','0','16384','0','0','0','0','7','11','7','0','0','0','0','0','0','0','0','0','0','0','0','0','0','0','0','0','0','0','0','0','0','','0','3','1','1','1','1','0','0','0','1','68157552','shaman_bot','-1'),
('70224','0','0','0','0','0','17215','0','17215','0','Ruada','Warrior Bot','','0','80','80','2','14','1','1.2','1.3','1','0','0','3400','2000','1','0','16384','0','0','0','0','1','11','7','0','0','0','0','0','0','0','0','0','0','0','0','0','0','0','0','0','0','0','0','0','0','','0','3','1','1','1','1','0','0','0','1','68157552','warrior_bot','-1'),
('70225','0','0','0','0','0','17233','0','17233','0','Semid','Mage Bot','','0','80','80','2','14','1','1.2','1.3','1','0','0','3800','2000','8','0','16384','0','0','0','0','8','11','7','0','0','0','0','0','0','0','0','0','0','0','0','0','0','0','0','0','0','0','0','0','0','','0','3','1','1','1','1','0','0','0','1','68157552','mage_bot','-1'),
('70226','0','0','0','0','0','17232','0','17232','0','Guvan','Priest Bot','','0','80','80','2','14','1','1.2','1.3','1','0','0','3600','2000','8','0','16384','0','0','0','0','5','11','7','0','0','0','0','0','0','0','0','0','0','0','0','0','0','0','0','0','0','0','0','0','0','','0','3','1','1','1','1','0','0','0','1','68157552','priest_bot','-1'),
('70227','0','0','0','0','0','17234','0','17234','0','Tullas','Paladin Bot','','0','80','80','2','14','1','1.2','1.3','1','0','0','2300','2000','2','0','16384','0','0','0','0','2','11','7','0','0','0','0','0','0','0','0','0','0','0','0','0','0','0','0','0','0','0','0','0','0','','0','3','1','1','1','1','0','0','0','1','68157552','paladin_bot','-1'),
('70228','0','0','0','0','0','17488','0','17488','0','Killac','Hunter bot','','0','80','80','2','14','1','1.2','1.3','1','0','0','2800','2000','2','0','16384','0','0','0','0','3','11','7','0','0','0','0','0','0','0','0','0','0','0','0','0','0','0','0','0','0','0','0','0','0','','0','3','1','1','1','1','0','0','0','1','68157552','hunter_bot','-1'),
('70229','0','0','0','0','0','17226','0','17226','0','Jol','Paladin Bot','','0','80','80','2','14','1','1.2','1.3','1','0','0','2300','2000','2','0','16384','0','0','0','0','2','11','7','0','0','0','0','0','0','0','0','0','0','0','0','0','0','0','0','0','0','0','0','0','0','','0','3','1','1','1','1','0','0','0','1','68157552','paladin_bot','-1'),
('70230','0','0','0','0','0','17248','0','17248','0','Fallat','Priest Bot','','0','80','80','2','14','1','1.2','1.3','1','0','0','3600','2000','8','0','16384','0','0','0','0','5','11','7','0','0','0','0','0','0','0','0','0','0','0','0','0','0','0','0','0','0','0','0','0','0','','0','3','1','1','1','1','0','0','0','1','68157552','priest_bot','-1'),
('70231','0','0','0','0','0','17243','0','17243','0','Harnan','Mage Bot','','0','80','80','2','14','1','1.2','1.3','1','0','0','3800','2000','8','0','16384','0','0','0','0','8','11','7','0','0','0','0','0','0','0','0','0','0','0','0','0','0','0','0','0','0','0','0','0','0','','0','3','1','1','1','1','0','0','0','1','68157552','mage_bot','-1'),
('70232','0','0','0','0','0','17241','0','17241','0','Bati','Mage Bot','','0','80','80','2','14','1','1.2','1.3','1','0','0','3800','2000','8','0','16384','0','0','0','0','8','11','7','0','0','0','0','0','0','0','0','0','0','0','0','0','0','0','0','0','0','0','0','0','0','','0','3','1','1','1','1','0','0','0','1','68157552','mage_bot','-1'),
('70233','0','0','0','0','0','17792','0','17792','0','Hobahken','Shaman Bot','','0','80','80','2','14','1','1.2','1.3','1','0','0','2600','2000','2','0','16384','0','0','0','0','7','11','7','0','0','0','0','0','0','0','0','0','0','0','0','0','0','0','0','0','0','0','0','0','0','','0','3','1','1','1','1','0','0','0','1','68157552','shaman_bot','-1'),
('70234','0','0','0','0','0','6820','0','6820','0','Gurrag','Shaman Bot','','0','80','80','2','14','1','1.2','1.3','1','0','0','2600','2000','2','0','16384','0','0','0','0','7','11','7','0','0','0','0','0','0','0','0','0','0','0','0','0','0','0','0','0','0','0','0','0','0','','0','3','1','1','1','1','0','0','0','1','68157552','shaman_bot','-1'),
('70235','0','0','0','0','0','19596','0','19596','0','Auberose','Paladin Bot','','0','80','80','2','14','1','1.2','1.3','1','0','0','2300','2000','2','0','16384','0','0','0','0','2','10','7','0','0','0','0','0','0','0','0','0','0','0','0','0','0','0','0','0','0','0','0','0','0','','0','3','1','1','1','1','0','0','0','1','68157552','paladin_bot','-1'),
('70236','0','0','0','0','0','10335','10335','10335','10335','Afina','Priest Bot','','0','80','80','2','14','1','1.2','1.3','1','0','0','3600','2000','8','0','16384','0','0','0','0','5','1','7','1','0','0','0','0','0','0','0','0','0','0','0','0','0','0','0','0','0','0','0','0','0','','0','3','1','1','1','1','0','0','0','1','68157552','priest_bot','-1'),
('70237','0','0','0','0','0','26939','26939','26939','26939','Imhadria','Death Knight Bot','','0','80','80','2','14','1','1.2','1.3','1','0','0','3300','2000','1','0','16384','0','0','0','0','6','10','7','0','0','0','0','0','0','0','0','0','0','0','0','0','0','0','0','0','0','0','0','0','0','','0','3','1','1','1','1','0','0','0','1','68157552','death_knight_bot','-1'),
('70238','0','0','0','0','0','28039','28039','28039','28039','Mynx','Death Knight Bot','','0','80','80','2','14','1','1.2','1.3','0.8','0','0','3300','2000','1','0','16384','0','0','0','0','6','10','7','0','0','0','0','0','0','0','0','0','0','0','0','0','0','0','0','0','0','0','0','0','0','','0','3','1','1','1','1','0','0','0','1','68157552','death_knight_bot','-1'),
('70239','0','0','0','0','0','26688','26688','26688','26688','Lankral','Death Knight Bot','','0','80','80','2','14','1','1.2','1.3','1','0','0','3300','2000','1','0','16384','0','0','0','0','6','1','7','0','0','0','0','0','0','0','0','0','0','0','0','0','0','0','0','0','0','0','0','0','0','','0','3','1','1','1','1','0','0','0','1','68157552','death_knight_bot','-1'),
('70240','0','0','0','0','0','26195','26195','26195','26195','Silver','Death Knight Bot','','0','80','80','2','14','1','1.2','1.3','1','0','0','3300','2000','1','0','16384','0','0','0','0','6','10','7','0','0','0','0','0','0','0','0','0','0','0','0','0','0','0','0','0','0','0','0','0','0','','0','3','1','1','1','1','0','0','0','1','68157552','death_knight_bot','-1'),
('70241','0','0','0','0','0','27402','27402','27402','27402','Vereth','Death Knight Bot','','0','80','80','2','14','1','1.2','1.3','0.8','0','0','3300','2000','1','0','16384','0','0','0','0','6','5','7','0','0','0','0','0','0','0','0','0','0','0','0','0','0','0','0','0','0','0','0','0','0','','0','3','1','1','1','1','0','0','0','1','68157552','death_knight_bot','-1'),
('70242','0','0','0','0','0','27189','27189','27189','27189','Arly','Death Knight Bot','','0','80','80','2','14','1','1.2','1.3','1','0','0','3300','2000','1','0','16384','0','0','0','0','6','7','7','0','0','0','0','0','0','0','0','0','0','0','0','0','0','0','0','0','0','0','0','0','0','','0','3','1','1','1','1','0','0','0','1','68157552','death_knight_bot','-1'),
('70243','0','0','0','0','0','26217','26217','26217','26217','Setaal','Death Knight Bot','','0','80','80','2','14','1','1.2','1.3','1','0','0','3300','2000','1','0','16384','0','0','0','0','6','11','7','0','0','0','0','0','0','0','0','0','0','0','0','0','0','0','0','0','0','0','0','0','0','','0','3','1','1','1','1','0','0','0','1','68157552','death_knight_bot','-1'),
('70244','0','0','0','0','0','28842','28842','28842','28842','Illyrie','Death Knight Bot','','0','80','80','2','14','1','1.2','1.3','1','0','0','3300','2000','1','0','16384','0','0','0','0','6','4','7','0','0','0','0','0','0','0','0','0','0','0','0','0','0','0','0','0','0','0','0','0','0','','0','3','1','1','1','1','0','0','0','1','68157552','death_knight_bot','-1'),
('70245','0','0','0','0','0','28840','28840','28840','28840','Zor\'be','Death Knight Bot','','0','80','80','2','14','1','1.2','1.3','1','0','0','3300','2000','1','0','16384','0','0','0','0','6','8','7','0','0','0','0','0','0','0','0','0','0','0','0','0','0','0','0','0','0','0','0','0','0','','0','3','1','1','1','1','0','0','0','1','68157552','death_knight_bot','-1'),
('70246','0','0','0','0','0','25512','25512','25512','25512','Datura','Death Knight Bot','','0','80','80','2','14','1','1.2','1.3','1','0','0','3300','2000','1','0','16384','0','0','0','0','6','10','7','0','0','0','0','0','0','0','0','0','0','0','0','0','0','0','0','0','0','0','0','0','0','','0','3','1','1','1','1','0','0','0','1','68157552','death_knight_bot','-1'),
('70247','0','0','0','0','0','1132','0','1132','0','Voidwalker','Warlock\'s Pet Bot',NULL,'0','80','80','2','14','0','1.2','1.3','1','0','0','2000','2000','2','0','0','0','16','0','0','0','0','3','0','0','0','0','0','0','0','0','0','0','0','0','0','0','0','0','0','0','0','0','0','0','','0','3','1','1','1','1','0','0','0','1','1048688','voidwalker_bot','-1'),
('70248','0','0','0','0','0','1105','0','0','0','Hunter\'s Pet',NULL,NULL,'0','80','80','0','14','0','1.1','1.14286','1','0','0','2000','0','1','0','0','0','7','0','0','0','0','1','1','0','0','0','0','0','0','0','0','0','5708','0','0','0','0','0','0','0','0','0','0','0','','0','3','1','1','1','1','0','149','1','0','0','','-1');
-- 70249-70300 reserved for pet types
-- ('70301','0','0','0','0','0','17659','17659','17659','17659','Gorkramato','Ex. Blademaster','','0','81','81','2','14','1','1.2','1.3','1.05','4','2','24','0','0','1','2200','2000','1','0','16384','0','0','0','0','12','2','0','0','0','7','0','0','0','0','0','0','0','0','0','0','0','0','0','0','0','0','0','0','0','0','0','0','','0','3','1','1','1','1','0','0','0','0','0','0','0','0','0','1','68157560','blademaster_bot','-1'),
-- ('71000','0','0','0','0','0','16853','16853','16853','16853','Airen','Priestess of Suffering',NULL,'0','95','95','1','14','1','1.2','1.3','1.173','4','850','1150','0','100','5','1500','0','1','898','49152','2','0','0','0','0','0','0','0','0','3','67110912','0','0','0','450','450','450','450','450','450','0','0','0','0','0','0','0','0','0','0','0','0','','0','3','1','1000','1','5','1','0','0','0','0','0','0','0','0','617299839','1048946','npc_Airen_qI','-213');


-- EQUIPS --

delete from `creature_equip_template` where CreatureID between @BOT_START and @BOT_END;

insert into `creature_equip_template` (`CreatureID`, `ID`, `ItemID1`, `ItemID2`, `ItemID3`) values
('70001','1','18842','0','0'), ('70002','1','18842','0','0'), ('70003','1','18842','0','0'), ('70004','1','31289','0','0'), ('70005','1','31289','0','0'), ('70006','1','31289','0','0'), ('70007','1','31186','0','0'), ('70008','1','31186','0','0'), ('70009','1','31186','0','0'), ('70010','1','2291','0','2825'), ('70011','1','31289','0','0'), ('70012','1','2291','0','2825'), ('70013','1','18002','0','0'), ('70014','1','27903','0','0'), ('70015','1','7723','0','0'), ('70016','1','13984','6448','0'), ('70017','1','13984','6448','0'), ('70018','1','6633','820','0'), ('70019','1','13984','6448','0'), ('70020','1','12584','18825','0'), ('70021','1','18876','0','0'), ('70022','1','12584','18825','0'), ('70023','1','18876','0','0'), ('70024','1','18842','0','0'), ('70025','1','18203','18202','0'), ('70026','1','31186','0','0'), ('70027','1','31289','0','0'), ('70028','1','18842','0','0'), ('70029','1','28367','0','0'), ('70030','1','12584','18825','0'), ('70031','1','13984','6448','0'), ('70032','1','27903','0','0'), ('70033','1','18002','0','0'), ('70034','1','31289','0','0'), ('70035','1','18842','0','0'), ('70036','1','31186','0','0'), ('70037','1','31186','0','0'), ('70038','1','18842','0','0'), ('70039','1','31289','0','0'), ('70041','1','18842','0','0'), ('70042','1','18842','0','0'), ('70043','1','18203','18202','0'), ('70044','1','18203','18202','0'), ('70045','1','18203','18202','0'), ('70046','1','18203','18202','0'), ('70047','1','25622','0','0'), ('70048','1','25622','0','0'), ('70049','1','25622','0','0'),
('70050','1','2291','0','2825'), ('70051','1','2291','0','2825'), ('70052','1','2291','0','2825'), ('70053','1','18002','0','0'), ('70054','1','27903','0','0'), ('70055','1','28367','0','0'), ('70056','1','31289','0','0'), ('70057','1','31289','0','0'), ('70058','1','31289','0','0'), ('70059','1','18842','0','0'), ('70060','1','18842','0','0'), ('70061','1','18842','0','0'), ('70062','1','28367','0','0'), ('70063','1','25622','0','0'), ('70064','1','2291','0','2825'), ('70065','1','18203','18202','0'), ('70066','1','18002','0','0'), ('70067','1','25622','0','0'), ('70068','1','2291','0','2825'), ('70069','1','18203','18202','0'), ('70070','1','27903','0','0'), ('70071','1','2291','0','2825'), ('70072','1','31186','0','0'), ('70073','1','18203','18202','0'), ('70074','1','18002','0','0'), ('70075','1','2291','0','2825'), ('70076','1','31186','0','0'), ('70077','1','18203','18202','0'), ('70078','1','31186','0','0'), ('70079','1','31186','0','0'), ('70080','1','31186','0','0'), ('70081','1','18203','18202','0'), ('70082','1','2291','0','2825'), ('70083','1','7723','0','0'), ('70084','1','18002','0','0'), ('70085','1','18203','18202','0'), ('70086','1','2291','0','2825'), ('70087','1','2291','0','2825'), ('70088','1','27903','0','0'), ('70089','1','2291','0','2825'), ('70090','1','28367','0','0'), ('70091','1','6633','820','0'), ('70092','1','31289','0','0'), ('70093','1','25622','0','0'), ('70094','1','18002','0','0'), ('70095','1','13984','6448','0'), ('70096','1','31289','0','0'), ('70097','1','25622','0','0'), ('70098','1','2291','0','2825'), ('70099','1','2291','0','2825'),
('70100','1','2291','0','2825'), ('70101','1','31289','0','0'), ('70102','1','31289','0','0'), ('70103','1','2291','0','2825'), ('70104','1','7723','0','0'), ('70105','1','18002','0','0'), ('70106','1','31289','0','0'), ('70107','1','31289','0','0'), ('70108','1','31289','0','0'), ('70109','1','13984','6448','0'), ('70110','1','18842','0','0'), ('70111','1','6633','820','0'), ('70112','1','13984','6448','0'), ('70113','1','25622','0','0'), ('70114','1','25622','0','0'), ('70115','1','2291','0','2825'), ('70116','1','31186','0','0'), ('70117','1','31186','0','0'), ('70118','1','31186','0','0'), ('70119','1','18842','0','0'), ('70120','1','18842','0','0'), ('70121','1','18842','0','0'), ('70122','1','27903','0','0'), ('70123','1','18002','0','0'), ('70124','1','7723','0','0'), ('70125','1','18002','0','0'), ('70126','1','28367','0','0'), ('70127','1','2291','0','2825'), ('70128','1','2291','0','2825'), ('70129','1','2291','0','2825'), ('70130','1','31289','0','0'), ('70131','1','31289','0','0'), ('70132','1','31289','0','0'), ('70134','1','18842','0','0'), ('70135','1','18842','0','0'), ('70136','1','18842','0','0'), ('70137','1','18876','0','0'), ('70138','1','12584','18825','0'), ('70139','1','18876','0','0'), ('70140','1','6633','820','0'), ('70141','1','13984','6448','0'), ('70142','1','6633','820','0'), ('70143','1','31186','0','0'), ('70144','1','31186','0','0'), ('70145','1','31186','0','0'), ('70146','1','27903','0','0'), ('70147','1','18002','0','0'), ('70148','1','31289','0','0'), ('70149','1','12584','18825','0'), ('70150','1','18876','0','0'),
('70151','1','31186','0','0'), ('70152','1','31186','0','0'), ('70153','1','18842','0','0'), ('70154','1','18842','0','0'), ('70155','1','2291','0','2825'), ('70156','1','25622','0','0'), ('70157','1','25622','0','0'), ('70158','1','2291','0','2825'), ('70159','1','2291','0','2825'), ('70160','1','2291','0','2825'), ('70161','1','18842','0','0'), ('70162','1','18842','0','0'), ('70163','1','18842','0','0'), ('70164','1','18842','0','0'), ('70165','1','18842','0','0'), ('70166','1','18842','0','0'), ('70167','1','18842','0','0'), ('70168','1','31289','0','0'), ('70169','1','31289','0','0'), ('70170','1','31289','0','0'), ('70171','1','18842','0','0'), ('70172','1','18842','0','0'), ('70173','1','28367','0','0'), ('70174','1','12584','18825','0'), ('70175','1','7723','0','0'), ('70176','1','25622','0','0'), ('70177','1','2291','0','2825'), ('70178','1','25622','0','0'), ('70179','1','2291','0','2825'), ('70180','1','2291','0','2825'), ('70181','1','2291','0','2825'), ('70182','1','2291','0','2825'), ('70183','1','31289','0','0'), ('70184','1','31289','0','0'), ('70185','1','31289','0','0'), ('70186','1','25622','0','0'), ('70187','1','13984','6448','0'), ('70188','1','18203','18202','0'), ('70189','1','18842','0','0'), ('70190','1','12584','18826','0'), ('70191','1','31186','0','0'), ('70192','1','31289','0','0'), ('70193','1','13984','6448','0'), ('70194','1','2291','0','2825'), ('70195','1','12584','18826','0'), ('70196','1','31289','0','0'), ('70197','1','2291','0','2825'), ('70198','1','18842','0','0'), ('70199','1','18876','0','0'), ('70200','1','31289','0','0'),
('70201','1','27903','0','0'), ('70202','1','31186','0','0'), ('70203','1','31186','0','0'), ('70204','1','31186','0','0'), ('70205','1','18842','0','0'), ('70206','1','18842','0','0'), ('70207','1','25622','0','0'), ('70208','1','2291','0','2825'), ('70209','1','2291','0','2825'), ('70210','1','12584','18826','0'), ('70211','1','6633','820','0'), ('70212','1','13984','6448','0'), ('70213','1','25622','0','0'), ('70214','1','2291','0','2825'), ('70215','1','31289','0','0'), ('70216','1','18876','0','0'), ('70217','1','28367','0','0'), ('70218','1','18203','18202','0'), ('70219','1','2291','0','2825'), ('70220','1','18002','0','0'), ('70221','1','18203','18202','0'), ('70222','1','18203','18202','0'), ('70223','1','18203','18202','0'), ('70224','1','27903','0','0'), ('70225','1','18842','0','0'), ('70226','1','31289','0','0'), ('70227','1','12584','18825','0'), ('70228','1','2291','0','2825'), ('70229','1','18876','0','0'), ('70230','1','31289','0','0'), ('70231','1','18842','0','0'), ('70232','1','18842','0','0'), ('70233','1','18203','18202','0'), ('70234','1','18203','18202','0'), ('70235','1','29175','18826','0'), ('70236','1','31289','0','0'), ('70237','1','13505','0','0'), ('70238','1','12775','0','0'), ('70239','1','24044','0','0'), ('70240','1','43601','0','0'), ('70241','1','23499','0','0'), ('70242','1','38632','0','0'), ('70243','1','34891','0','0'), ('70244','1','38632','0','0'), ('70245','1','50798','0','0'), ('70246','1','12592','0','0');
-- ('70301','1','24044','0','0'),
-- ('71000','1','0','30902','0');

-- -- -- Update 18.09.13 - Equips for shamans
-- Orcs and Draenei. Mainhand: Cudgel of Furious Justice, Offhand: Azure-Shield of Coldarra
UPDATE `creature_equip_template` SET `itemID1` = '50050', `itemID2` = '29266', `itemID3` = '0' WHERE `ID` IN (SELECT entry FROM `creature_template` WHERE (`entry` BETWEEN @BOT_START AND @BOT_END) AND `trainer_class` = '7' AND (`trainer_race` = '2' OR `trainer_race` = '11'));
-- Taurens and some Draenei. De-Raged Waraxe (Two-Hand)
UPDATE `creature_equip_template` SET `itemID1` = '41816', `itemID2` = '0',     `itemID3` = '0' WHERE `ID` IN (SELECT entry FROM `creature_template` WHERE (`entry` BETWEEN @BOT_START AND @BOT_END) AND `trainer_class` = '7' AND (`trainer_race` = '6' OR `entry` IN (70218,70222,70223,70233)));


-- GOSSIPS --
delete from `npc_text` where ID between @BOT_START and @BOT_END;
insert into `npc_text` (`ID`, `text0_0`, `text0_1`, `lang0`, `Probability0`, `em0_0`, `em0_1`, `em0_2`, `em0_3`, `em0_4`, `em0_5`, `text1_0`, `text1_1`, `lang1`, `Probability1`, `em1_0`, `em1_1`, `em1_2`, `em1_3`, `em1_4`, `em1_5`, `text2_0`, `text2_1`, `lang2`, `Probability2`, `em2_0`, `em2_1`, `em2_2`, `em2_3`, `em2_4`, `em2_5`, `text3_0`, `text3_1`, `lang3`, `Probability3`, `em3_0`, `em3_1`, `em3_2`, `em3_3`, `em3_4`, `em3_5`,
`text4_0`, `text4_1`, `lang4`, `Probability4`, `em4_0`, `em4_1`, `em4_2`, `em4_3`, `em4_4`, `em4_5`, `text5_0`, `text5_1`, `lang5`, `Probability5`, `em5_0`, `em5_1`, `em5_2`, `em5_3`, `em5_4`, `em5_5`, `text6_0`, `text6_1`, `lang6`, `Probability6`, `em6_0`, `em6_1`, `em6_2`, `em6_3`, `em6_4`, `em6_5`, `text7_0`, `text7_1`, `lang7`, `Probability7`, `em7_0`, `em7_1`, `em7_2`, `em7_3`, `em7_4`, `em7_5`, `VerifiedBuild`)
values
('70001','I live only to serve the master.','','0','1','0','0','0','0','0','0','','','0','0','0','0','0','0','0','0','','','0','0','0','0','0','0','0','0','','','0','0','0','0','0','0','0','0','','','0','0','0','0','0','0','0','0','','','0','0','0','0','0','0','0','0','','','0','0','0','0','0','0','0','0','','','0','0','0','0','0','0','0','0','-213'),
('70002','You need something?','','0','1','0','0','0','0','0','0','','','0','0','0','0','0','0','0','0','','','0','0','0','0','0','0','0','0','','','0','0','0','0','0','0','0','0','','','0','0','0','0','0','0','0','0','','','0','0','0','0','0','0','0','0','','','0','0','0','0','0','0','0','0','','','0','0','0','0','0','0','0','0','-213'),
('70003','Mortals... usually I kill wretches like you at sight',NULL,'0','1','396','0','0','0','0','0',NULL,NULL,'0','0','0','0','0','0','0','0',NULL,NULL,'0','0','0','0','0','0','0','0',NULL,NULL,'0','0','0','0','0','0','0','0',NULL,NULL,'0','0','0','0','0','0','0','0',NULL,NULL,'0','0','0','0','0','0','0','0',NULL,NULL,'0','0','0','0','0','0','0','0',NULL,NULL,'0','0','0','0','0','0','0','0','-213');


-- OUTFITS --
-- Npc Dress mod by Rochet2
CREATE TABLE IF NOT EXISTS `creature_template_outfits` (
    `entry` INT(10) UNSIGNED NOT NULL,
    `race` tinyint(3) UNSIGNED NOT NULL DEFAULT '1',
    `gender` tinyint(3) UNSIGNED NOT NULL DEFAULT '0' COMMENT '0 for male, 1 for female',
    `skin` tinyint(3) UNSIGNED NOT NULL DEFAULT '0',
    `face` tinyint(3) UNSIGNED NOT NULL DEFAULT '0',
    `hair` tinyint(3) UNSIGNED NOT NULL DEFAULT '0',
    `haircolor` tinyint(3) UNSIGNED NOT NULL DEFAULT '0',
    `facialhair` tinyint(3) UNSIGNED NOT NULL DEFAULT '0',
    `head` INT(10) UNSIGNED NOT NULL DEFAULT '0',
    `shoulders` INT(10) UNSIGNED NOT NULL DEFAULT '0',
    `body` INT(10) UNSIGNED NOT NULL DEFAULT '0',
    `chest` INT(10) UNSIGNED NOT NULL DEFAULT '0',
    `waist` INT(10) UNSIGNED NOT NULL DEFAULT '0',
    `legs` INT(10) UNSIGNED NOT NULL DEFAULT '0',
    `feet` INT(10) UNSIGNED NOT NULL DEFAULT '0',
    `wrists` INT(10) UNSIGNED NOT NULL DEFAULT '0',
    `hands` INT(10) UNSIGNED NOT NULL DEFAULT '0',
    `back` INT(10) UNSIGNED NOT NULL DEFAULT '0',
    `tabard` INT(10) UNSIGNED NOT NULL DEFAULT '0',
    PRIMARY KEY  (`entry`)
) ENGINE=InnoDB DEFAULT CHARSET=utf8;
-- End Npc Dress mod

-- replace into `creature_template_outfits` (`entry`, `race`, `gender`, `skin`, `face`, `hair`, `haircolor`, `facialhair`, `head`, `shoulders`, `body`, `chest`, `waist`, `legs`, `feet`, `wrists`, `hands`, `back`, `tabard`)
-- values
-- ('70301','2','0','0','14','9','7','5','0','0','0','0','59194','64674','0','36248','0','0','0'), -- Blademaster
-- ('71000','11','1','0','5','0','6','0','0','53903','21842','35049','35058','35051','35067','35044','0','0','0'); -- Airen


-- Customize section
-- You can create your own values to be in line with your own server if these are not acceptable.

SET @CLASS_WARRIOR = 1;
SET @CLASS_PALADIN = 2;
SET @CLASS_HUNTER  = 3;
SET @CLASS_ROGUE   = 4;
SET @CLASS_PRIEST  = 5;
SET @CLASS_DK      = 6;
SET @CLASS_SHAMAN  = 7;
SET @CLASS_MAGE    = 8;
SET @CLASS_WARLOCK = 9;
SET @CLASS_DRUID   = 11;
SET @CLASS_BM      = 12;

-- Add flags_extra
-- -- -- Update 6.04.14 - extra flags for recognizing bots core-side - CREATURE_FLAG_EXTRA_NPCBOT

SET @EX_NO_PARRY_HASTEN = 8; -- 0x00000008 - CREATURE_FLAG_EXTRA_NO_PARRY_HASTEN
SET @EX_NO_BLOCK = 16; -- 0x00000010 - CREATURE_FLAG_EXTRA_NO_BLOCK
SET @EX_NO_CRUSH = 32; -- 0x00000020 - CREATURE_FLAG_EXTRA_NO_CRUSH
SET @EX_NO_XP = 64; -- 0x00000040 - CREATURE_FLAG_EXTRA_NO_XP_AT_KILL
SET @EX_DIMINISH = 1048576; -- 0x00100000 - CREATURE_FLAG_EXTRA_ALL_DIMINISH
SET @EX_NPCBOT = 67108864; -- 0x04000000 - CREATURE_FLAG_EXTRA_NPCBOT - custom flag
SET @FLAGS_EX = @EX_NO_BLOCK | @EX_NO_CRUSH | @EX_NO_XP | @EX_DIMINISH | @EX_NPCBOT;
SET @FLAGS_EXN = @EX_NO_BLOCK | @EX_NO_CRUSH | @EX_NO_XP | @EX_DIMINISH | @EX_NPCBOT | @EX_NO_PARRY_HASTEN;
SET @FLAGS_EX_PET = @EX_NO_BLOCK | @EX_NO_CRUSH | @EX_NO_XP | @EX_DIMINISH;

-- Add extra 'unit_flags2' flags
SET @U2_ENEMY_INTERRACT = 16384; -- 0x00004000 - UNIT_FLAG2_ALLOW_ENEMY_INTERACT
SET @FLAGS_U2 = @U2_ENEMY_INTERRACT;

-- minions
UPDATE `creature_template` SET exp:=2, faction:=14, minlevel:=80, maxlevel:=80, baseattacktime:=3300, rangeattacktime:=2000, dynamicflags:=0, speed_walk:=1.2, speed_run:=1.3, InhabitType:=3, HealthModifier:=1, ManaModifier:=1, ArmorModifier:=1, RegenHealth:=0, mechanic_immune_mask:=1, flags_extra:=@FLAGS_EX, unit_flags2:=`unit_flags2`|@FLAGS_U2, AIName:='', VerifiedBuild:=-1 where entry between @BOT_START and @BOT_END-1 and trainer_class=@CLASS_DK;
UPDATE `creature_template` SET exp:=2, faction:=14, minlevel:=80, maxlevel:=80, baseattacktime:=2200, rangeattacktime:=2000, dynamicflags:=0, speed_walk:=1.2, speed_run:=1.3, InhabitType:=3, HealthModifier:=1, ManaModifier:=1, ArmorModifier:=1, RegenHealth:=0, mechanic_immune_mask:=1, flags_extra:=@FLAGS_EX, unit_flags2:=`unit_flags2`|@FLAGS_U2, AIName:='', VerifiedBuild:=-1 where entry between @BOT_START and @BOT_END-1 and trainer_class=@CLASS_DRUID;
UPDATE `creature_template` SET exp:=2, faction:=14, minlevel:=80, maxlevel:=80, baseattacktime:=2800, rangeattacktime:=2000, dynamicflags:=0, speed_walk:=1.2, speed_run:=1.3, InhabitType:=3, HealthModifier:=1, ManaModifier:=1, ArmorModifier:=1, RegenHealth:=0, mechanic_immune_mask:=1, flags_extra:=@FLAGS_EX, unit_flags2:=`unit_flags2`|@FLAGS_U2, AIName:='', VerifiedBuild:=-1 where entry between @BOT_START and @BOT_END-1 and trainer_class=@CLASS_HUNTER;
UPDATE `creature_template` SET exp:=2, faction:=14, minlevel:=80, maxlevel:=80, baseattacktime:=3800, rangeattacktime:=2000, dynamicflags:=0, speed_walk:=1.2, speed_run:=1.3, InhabitType:=3, HealthModifier:=1, ManaModifier:=1, ArmorModifier:=1, RegenHealth:=0, mechanic_immune_mask:=1, flags_extra:=@FLAGS_EX, unit_flags2:=`unit_flags2`|@FLAGS_U2, AIName:='', VerifiedBuild:=-1 where entry between @BOT_START and @BOT_END-1 and trainer_class=@CLASS_MAGE;
UPDATE `creature_template` SET exp:=2, faction:=14, minlevel:=80, maxlevel:=80, baseattacktime:=2300, rangeattacktime:=2000, dynamicflags:=0, speed_walk:=1.2, speed_run:=1.3, InhabitType:=3, HealthModifier:=1, ManaModifier:=1, ArmorModifier:=1, RegenHealth:=0, mechanic_immune_mask:=1, flags_extra:=@FLAGS_EX, unit_flags2:=`unit_flags2`|@FLAGS_U2, AIName:='', VerifiedBuild:=-1 where entry between @BOT_START and @BOT_END-1 and trainer_class=@CLASS_PALADIN;
UPDATE `creature_template` SET exp:=2, faction:=14, minlevel:=80, maxlevel:=80, baseattacktime:=3600, rangeattacktime:=2000, dynamicflags:=0, speed_walk:=1.2, speed_run:=1.3, InhabitType:=3, HealthModifier:=1, ManaModifier:=1, ArmorModifier:=1, RegenHealth:=0, mechanic_immune_mask:=1, flags_extra:=@FLAGS_EX, unit_flags2:=`unit_flags2`|@FLAGS_U2, AIName:='', VerifiedBuild:=-1 where entry between @BOT_START and @BOT_END-1 and trainer_class=@CLASS_PRIEST;
UPDATE `creature_template` SET exp:=2, faction:=14, minlevel:=80, maxlevel:=80, baseattacktime:=1600, rangeattacktime:=2000, dynamicflags:=0, speed_walk:=1.2, speed_run:=1.3, InhabitType:=3, HealthModifier:=1, ManaModifier:=1, ArmorModifier:=1, RegenHealth:=0, mechanic_immune_mask:=1, flags_extra:=@FLAGS_EX, unit_flags2:=`unit_flags2`|@FLAGS_U2, AIName:='', VerifiedBuild:=-1 where entry between @BOT_START and @BOT_END-1 and trainer_class=@CLASS_ROGUE;
UPDATE `creature_template` SET exp:=2, faction:=14, minlevel:=80, maxlevel:=80, baseattacktime:=2600, rangeattacktime:=2000, dynamicflags:=0, speed_walk:=1.2, speed_run:=1.3, InhabitType:=3, HealthModifier:=1, ManaModifier:=1, ArmorModifier:=1, RegenHealth:=0, mechanic_immune_mask:=1, flags_extra:=@FLAGS_EX, unit_flags2:=`unit_flags2`|@FLAGS_U2, AIName:='', VerifiedBuild:=-1 where entry between @BOT_START and @BOT_END-1 and trainer_class=@CLASS_SHAMAN;
UPDATE `creature_template` SET exp:=2, faction:=14, minlevel:=80, maxlevel:=80, baseattacktime:=3500, rangeattacktime:=2000, dynamicflags:=0, speed_walk:=1.2, speed_run:=1.3, InhabitType:=3, HealthModifier:=1, ManaModifier:=1, ArmorModifier:=1, RegenHealth:=0, mechanic_immune_mask:=1, flags_extra:=@FLAGS_EX, unit_flags2:=`unit_flags2`|@FLAGS_U2, AIName:='', VerifiedBuild:=-1 where entry between @BOT_START and @BOT_END-1 and trainer_class=@CLASS_WARLOCK;
UPDATE `creature_template` SET exp:=2, faction:=14, minlevel:=80, maxlevel:=80, baseattacktime:=3400, rangeattacktime:=2000, dynamicflags:=0, speed_walk:=1.2, speed_run:=1.3, InhabitType:=3, HealthModifier:=1, ManaModifier:=1, ArmorModifier:=1, RegenHealth:=0, mechanic_immune_mask:=1, flags_extra:=@FLAGS_EX, unit_flags2:=`unit_flags2`|@FLAGS_U2, AIName:='', VerifiedBuild:=-1 where entry between @BOT_START and @BOT_END-1 and trainer_class=@CLASS_WARRIOR;
-- UPDATE `creature_template` SET exp:=2, faction:=14, dmg_multiplier:=1.0, attackpower:=0, mindmg:=2, maxdmg:=24, minlevel:=81, maxlevel:=81, baseattacktime:=2200, rangeattacktime:=2000, minrangedmg:=0, maxrangedmg:=0, rangedattackpower:=0, dynamicflags:=0, speed_walk:=1.2, speed_run:=1.3, InhabitType:=3, health_mod:=1, mana_mod:=1, armor_mod:=1, RegenHealth:=0, mechanic_immune_mask:=1, flags_extra:=@FLAGS_EXN,    unit_flags2:=`unit_flags2`|@FLAGS_U2, AIName:='', VerifiedBuild:=-1 where entry between @BOT_START and @BOT_END-1 and trainer_class=@CLASS_BM;

-- delete class_bm
DELETE FROM  `creature_equip_template` where CreatureID in (select entry from `creature_template` where entry between @BOT_START and @BOT_END-1 and trainer_class=@CLASS_BM);
DELETE FROM  `creature_template` where entry between @BOT_START and @BOT_END-1 and trainer_class=@CLASS_BM;

-- pets
UPDATE `creature_template` SET exp:=2, faction:=14, minlevel:=80, maxlevel:=80, baseattacktime:=2000, rangeattacktime:=2000, dynamicflags:=0, speed_walk:=1.2, speed_run:=1.3, InhabitType:=3, HealthModifier:=1, ManaModifier:=1, ArmorModifier:=1, RegenHealth:=0, mechanic_immune_mask:=1, flags_extra:=@FLAGS_EX_PET, AIName:='', VerifiedBuild:=-1 where entry between @BOT_START and @BOT_END-1 and name='Voidwalker';
